Workbook

Sheet تقرير الرواتب
A1: تقرير الرواتب عن شهر فبراير 2026
A2: 3 + | B2: الاسم | C2: الفرع | D2: الوظيفة | E2: ساعات العمل | F2: الراتب | G2: الاستحقاق | P2: الاستقطاع | AF2: اجمالى الاستقطاع | AG2: صافى الراتب | AH2: ملاحظات
G3: ايام العمل | H3: قيمة ايام العمل | I3: الاضافى بالساعات | J3: قيمة الاضافى | K3: بدل اجازات | L3: قيمة بدل الاجازات | M3: مكافأة | N3: اخرى | O3: اجمالى الاستحقاق | P3: ساعات التاخير | Q3: قيمة ساعات التأخير | R3: سلف | S3: سلفة مرحله | T3: جزاء ادارى | U3: قيمة الجزاء الادارى | V3: جزاء البصمه | W3: قيمة جزاء البصمه | X3: غياب بدون اذن | Y3: جزاء غياب بدون اذن | Z3: المرضى | AA3: قيمة المرضى | AB3: الراتب التاميني | AC3: تأمينات وضرائب | AD3: الانحرافات | AE3: عجز منتجات& عهدة
A5: 1 | B5: ايه محمد عوضين سليمان | C5: فرع اسماعليه | D5: عضو فريق | E5: 9 | F5: 7000 | G5: 29 | H5: =+F5/30*G5 -> 6766.6667 | I5: 12 | J5: =+I5*F5/30/E5 -> 311.11111 | L5: =+K5*F5/30 -> 0 | O5: =+N5+M5+L5+J5+H5 -> 7077.7778 | Q5: =+F5/30/E5*P5 -> 0 | R5: 1600 | U5: =+F5/30*T5 -> 0 | W5: =+H5/30*V5 -> 0 | Y5: =+F5/30*X5*1 -> 0 | AA5: =+(F5/30*Z5)*0.25 -> 0 | AC5: =AB5*11% -> 0 | AF5: =+AE5+AD5+Y5+U5+R5+Q5+AA5+S5+W5+AC5 -> 1600 | AG5: =+O5-AF5 -> 5477.7778
A6: 3 | B6: نورسين البغدادي ابراهيم سليم | C6: فرع اسماعليه | D6: عضو فريق | E6: 9 | F6: 7000 | G6: 29 | H6: =+F6/30*G6 -> 6766.6667 | I6: 12 | J6: =+I6*F6/30/E6 -> 311.11111 | L6: =+K6*F6/30 -> 0 | O6: =+N6+M6+L6+J6+H6 -> 7077.7778 | Q6: =+F6/30/E6*P6 -> 0 | R6: 500 | U6: =+F6/30*T6 -> 0 | W6: =+H6/30*V6 -> 0 | Y6: =+F6/30*X6*1 -> 0 | AA6: =+(F6/30*Z6)*0.25 -> 0 | AC6: =AB6*11% -> 0 | AF6: =+AE6+AD6+Y6+U6+R6+Q6+AA6+S6+W6+AC6 -> 500 | AG6: =+O6-AF6 -> 6577.7778
A7: 4 | B7: مريم | C7: فرع اسماعليه | D7: كاشير | E7: 9 | F7: 6500 | G7: 30 | H7: =+F7/30*G7 -> 6500 | I7: 10 | J7: =+I7*F7/30/E7 -> 240.74074 | L7: =+K7*F7/30 -> 0 | O7: =+N7+M7+L7+J7+H7 -> 6740.7407 | P7: 6 | Q7: =+F7/30/E7*P7 -> 144.44444 | U7: =+F7/30*T7 -> 0 | W7: =+H7/30*V7 -> 0 | Y7: =+F7/30*X7*1 -> 0 | AA7: =+(F7/30*Z7)*0.25 -> 0 | AC7: =AB7*11% -> 0 | AF7: =+AE7+AD7+Y7+U7+R7+Q7+AA7+S7+W7+AC7 -> 144.44444 | AG7: =+O7-AF7 -> 6596.2963
A8: 5 | B8: سيد احمد حسن جاد الرب | C8: فرع اسماعليه | D8: عضو فريق | E8: 9 | F8: 6000 | G8: 29 | H8: =+F8/30*G8 -> 5800 | I8: 21 | J8: =+I8*F8/30/E8 -> 466.66667 | L8: =+K8*F8/30 -> 0 | O8: =+N8+M8+L8+J8+H8 -> 6266.6667 | P8: 4 | Q8: =+F8/30/E8*P8 -> 88.888889 | R8: 400 | U8: =+F8/30*T8 -> 0 | W8: =+H8/30*V8 -> 0 | Y8: =+F8/30*X8*1 -> 0 | AA8: =+(F8/30*Z8)*0.25 -> 0 | AC8: =AB8*11% -> 0 | AF8: =+AE8+AD8+Y8+U8+R8+Q8+AA8+S8+W8+AC8 -> 488.88889 | AG8: =+O8-AF8 -> 5777.7778 | AH8: تم الغاء الخصم 810ج تحميل اوردر
A9: 6 | B9: احمد رمضان | C9: فرع اسماعليه | D9: عضو فريق | E9: 9 | F9: 6500 | G9: 29 | H9: =+F9/30*G9 -> 6283.3333 | I9: 2 | J9: =+I9*F9/30/E9 -> 48.148148 | L9: =+K9*F9/30 -> 0 | O9: =+N9+M9+L9+J9+H9 -> 6331.4815 | P9: 2 | Q9: =+F9/30/E9*P9 -> 48.148148 | R9: 3300 | T9: 2 | U9: =+F9/30*T9 -> 433.33333 | W9: =+H9/30*V9 -> 0 | Y9: =+F9/30*X9*1 -> 0 | AA9: =+(F9/30*Z9)*0.25 -> 0 | AC9: =AB9*11% -> 0 | AE9: 700 | AF9: =+AE9+AD9+Y9+U9+R9+Q9+AA9+S9+W9+AC9 -> 4481.4815 | AG9: =+O9-AF9 -> 1850 | AH9: 700ج تصليح الزجاج +خصم 2 يوم
A10: 7 | B10: ابراهيم محمود | C10: فرع اسماعليه | D10: عضو فريق | E10: 9 | F10: 6000 | G10: 29 | H10: =+F10/30*G10 -> 5800 | I10: 22 | J10: =+I10*F10/30/E10 -> 488.88889 | L10: =+K10*F10/30 -> 0 | O10: =+N10+M10+L10+J10+H10 -> 6288.8889 | Q10: =+F10/30/E10*P10 -> 0 | R10: 400 | U10: =+F10/30*T10 -> 0 | W10: =+H10/30*V10 -> 0 | Y10: =+F10/30*X10*1 -> 0 | AA10: =+(F10/30*Z10)*0.25 -> 0 | AC10: =AB10*11% -> 0 | AF10: =+AE10+AD10+Y10+U10+R10+Q10+AA10+S10+W10+AC10 -> 400 | AG10: =+O10-AF10 -> 5888.8889
A11: 8 | B11: حسن محمد | C11: فرع اسماعليه | D11: ويتر | E11: 9 | F11: 6000 | G11: 26 | H11: =+F11/30*G11 -> 5200 | J11: =+I11*F11/30/E11 -> 0 | L11: =+K11*F11/30 -> 0 | O11: =+N11+M11+L11+J11+H11 -> 5200 | P11: 7 | Q11: =+F11/30/E11*P11 -> 155.55556 | R11: 1030 | U11: =+F11/30*T11 -> 0 | W11: =+H11/30*V11 -> 0 | X11: 3 | Y11: =+F11/30*X11*1 -> 600 | AA11: =+(F11/30*Z11)*0.25 -> 0 | AC11: =AB11*11% -> 0 | AF11: =+AE11+AD11+Y11+U11+R11+Q11+AA11+S11+W11+AC11 -> 1785.5556 | AG11: =+O11-AF11 -> 3414.4444 | AH11: عدم تنفيذ التعليمات الاداريه المكتوبه + غياب الجمعه
A12: 9 | B12: نها | C12: فرع اسماعليه | D12: كاشير | E12: 9 | F12: 6000 | G12: 29 | H12: =+F12/30*G12 -> 5800 | I12: 4 | J12: =+I12*F12/30/E12 -> 88.888889 | L12: =+K12*F12/30 -> 0 | O12: =+N12+M12+L12+J12+H12 -> 5888.8889 | Q12: =+F12/30/E12*P12 -> 0 | R12: 2210 | U12: =+F12/30*T12 -> 0 | W12: =+H12/30*V12 -> 0 | Y12: =+F12/30*X12*1 -> 0 | AA12: =+(F12/30*Z12)*0.25 -> 0 | AC12: =AB12*11% -> 0 | AF12: =+AE12+AD12+Y12+U12+R12+Q12+AA12+S12+W12+AC12 -> 2210 | AG12: =+O12-AF12 -> 3678.8889
A13: 14 | B13: احمد هادي ابرهيم متولي | C13: فرع اسماعليه | D13: مطبخ | E13: 9 | F13: 10000 | G13: 30 | H13: =+F13/30*G13 -> 10000 | J13: =+I13*F13/30/E13 -> 0 | L13: =+K13*F13/30 -> 0 | M13: 2000 | O13: =+N13+M13+L13+J13+H13 -> 12000 | P13: 3 | Q13: =+F13/30/E13*P13 -> 111.11111 | R13: 3440 | T13: 1 | U13: =+F13/30*T13 -> 333.33333 | W13: =+H13/30*V13 -> 0 | Y13: =+F13/30*X13*1 -> 0 | AA13: =+(F13/30*Z13)*0.25 -> 0 | AC13: =AB13*11% -> 0 | AE13: 175 | AF13: =+AE13+AD13+Y13+U13+R13+Q13+AA13+S13+W13+AC13 -> 4059.4444 | AG13: =+O13-AF13 -> 7940.5556 | AH13: خصم 4 قطع هالك
A14: 15 | B14: مصطفي ابراهيم نبوي دراز | C14: فرع اسماعليه | D14: مدير فرع اسماعيليه | E14: 9 | F14: 10000 | G14: 30 | H14: =+F14/30*G14 -> 10000 | J14: =+I14*F14/30/E14 -> 0 | L14: =+K14*F14/30 -> 0 | M14: 2000 | O14: =+N14+M14+L14+J14+H14 -> 12000 | Q14: =+F14/30/E14*P14 -> 0 | R14: 1600 | U14: =+F14/30*T14 -> 0 | W14: =+H14/30*V14 -> 0 | Y14: =+F14/30*X14*1 -> 0 | AA14: =+(F14/30*Z14)*0.25 -> 0 | AC14: =AB14*11% -> 0 | AF14: =+AE14+AD14+Y14+U14+R14+Q14+AA14+S14+W14+AC14 -> 1600 | AG14: =+O14-AF14 -> 10400
A15: 13 | B15: كريم خالد عبدالمريد دياب محمود | C15: فرع اسماعليه | D15: عضو فريق | E15: 9 | F15: 7500 | G15: 27 | H15: =+F15/30*G15 -> 6750 | J15: =+I15*F15/30/E15 -> 0 | L15: =+K15*F15/30 -> 0 | M15: 2000 | O15: =+N15+M15+L15+J15+H15 -> 8750 | Q15: =+F15/30/E15*P15 -> 0 | R15: 4725 | T15: 2 | U15: =+F15/30*T15 -> 500 | W15: =+H15/30*V15 -> 0 | Y15: =+F15/30*X15*1 -> 0 | AA15: =+(F15/30*Z15)*0.25 -> 0 | AC15: =AB15*11% -> 0 | AF15: =+AE15+AD15+Y15+U15+R15+Q15+AA15+S15+W15+AC15 -> 5225 | AG15: =+O15-AF15 -> 3525 | AH15: التطاول والمشاجرة مع مستر عصام + عم الالتزام بكتابه الحضور
A16: 16 | B16: عبدالرحمن اوتاكا | C16: فرع اسماعليه | D16: كاشير | E16: 9 | F16: 6000 | G16: 21 | H16: =+F16/30*G16 -> 4200 | I16: 10 | J16: =+I16*F16/30/E16 -> 222.22222 | L16: =+K16*F16/30 -> 0 | O16: =+N16+M16+L16+J16+H16 -> 4422.2222 | P16: 2 | Q16: =+F16/30/E16*P16 -> 44.444444 | R16: 635 | U16: =+F16/30*T16 -> 0 | W16: =+H16/30*V16 -> 0 | Y16: =+F16/30*X16*1 -> 0 | AA16: =+(F16/30*Z16)*0.25 -> 0 | AC16: =AB16*11% -> 0 | AF16: =+AE16+AD16+Y16+U16+R16+Q16+AA16+S16+W16+AC16 -> 679.44444 | AG16: =+O16-AF16 -> 3742.7778
A17: 17 | B17: شريف عاطف | C17: فرع اسماعليه | D17: مطبخ | E17: 9 | F17: 10000 | G17: 30 | H17: =+F17/30*G17 -> 10000 | I17: 50 | J17: =+I17*F17/30/E17 -> 1851.8519 | L17: =+K17*F17/30 -> 0 | O17: =+N17+M17+L17+J17+H17 -> 11851.852 | Q17: =+F17/30/E17*P17 -> 0 | R17: 3200 | U17: =+F17/30*T17 -> 0 | W17: =+H17/30*V17 -> 0 | Y17: =+F17/30*X17*1 -> 0 | AA17: =+(F17/30*Z17)*0.25 -> 0 | AC17: =AB17*11% -> 0 | AF17: =+AE17+AD17+Y17+U17+R17+Q17+AA17+S17+W17+AC17 -> 3200 | AG17: =+O17-AF17 -> 8651.8519
A18: 18 | B18: علي رفاعي | C18: فرع اسماعليه | D18: مطبخ | E18: 9 | F18: 8000 | G18: 21 | H18: =+F18/30*G18 -> 5600 | I18: 28 | J18: =+I18*F18/30/E18 -> 829.62963 | L18: =+K18*F18/30 -> 0 | O18: =+N18+M18+L18+J18+H18 -> 6429.6296 | Q18: =+F18/30/E18*P18 -> 0 | R18: 3895 | U18: =+F18/30*T18 -> 0 | W18: =+H18/30*V18 -> 0 | Y18: =+F18/30*X18*1 -> 0 | AA18: =+(F18/30*Z18)*0.25 -> 0 | AC18: =AB18*11% -> 0 | AF18: =+AE18+AD18+Y18+U18+R18+Q18+AA18+S18+W18+AC18 -> 3895 | AG18: =+O18-AF18 -> 2534.6296
A19: 12 | B19: محمد علي عفرتو | C19: فرع اسماعليه | D19: عضو فريق | E19: 9 | F19: 7000 | G19: 29 | H19: =+F19/30*G19 -> 6766.6667 | J19: =+I19*F19/30/E19 -> 0 | L19: =+K19*F19/30 -> 0 | O19: =+N19+M19+L19+J19+H19 -> 6766.6667 | Q19: =+F19/30/E19*P19 -> 0 | R19: 3910 | T19: 1 | U19: =+F19/30*T19 -> 233.33333 | W19: =+H19/30*V19 -> 0 | Y19: =+F19/30*X19*1 -> 0 | AA19: =+(F19/30*Z19)*0.25 -> 0 | AC19: =AB19*11% -> 0 | AE19: 590 | AF19: =+AE19+AD19+Y19+U19+R19+Q19+AA19+S19+W19+AC19 -> 4733.3333 | AG19: =+O19-AF19 -> 2033.3333 | AH19: خصم اوردر مرتجع 590ج + 1 يوم
A20: 11 | B20: عبدالرحمن احمد محمد احمد مصطفي | C20: فرع اسماعليه | D20: كاشير | E20: 9 | F20: 6500 | G20: 13 | H20: =+F20/30*G20 -> 2816.6667 | J20: =+I20*F20/30/E20 -> 0 | L20: =+K20*F20/30 -> 0 | O20: =+N20+M20+L20+J20+H20 -> 2816.6667 | Q20: =+F20/30/E20*P20 -> 0 | R20: 700 | U20: =+F20/30*T20 -> 0 | W20: =+H20/30*V20 -> 0 | Y20: =+F20/30*X20*1 -> 0 | AA20: =+(F20/30*Z20)*0.25 -> 0 | AC20: =AB20*11% -> 0 | AF20: =+AE20+AD20+Y20+U20+R20+Q20+AA20+S20+W20+AC20 -> 700 | AG20: =+O20-AF20 -> 2116.6667
A21: 10 | B21: فادي روماني | C21: فرع اسماعليه | D21: عضو فريق | E21: 9 | F21: 5500 | G21: 7 | H21: =+F21/30*G21 -> 1283.3333 | J21: =+I21*F21/30/E21 -> 0 | L21: =+K21*F21/30 -> 0 | O21: =+N21+M21+L21+J21+H21 -> 1283.3333 | Q21: =+F21/30/E21*P21 -> 0 | U21: =+F21/30*T21 -> 0 | W21: =+H21/30*V21 -> 0 | Y21: =+F21/30*X21*1 -> 0 | AA21: =+(F21/30*Z21)*0.25 -> 0 | AC21: =AB21*11% -> 0 | AF21: =+AE21+AD21+Y21+U21+R21+Q21+AA21+S21+W21+AC21 -> 0 | AG21: =+O21-AF21 -> 1283.3333
A22: 23 | B22: سمير محمد عبدالواحد | C22: فرع اسماعليه | D22: استيوارد | E22: 9 | F22: 4000 | G22: 27 | H22: =+F22/30*G22 -> 3600 | J22: =+I22*F22/30/E22 -> 0 | L22: =+K22*F22/30 -> 0 | O22: =+N22+M22+L22+J22+H22 -> 3600 | Q22: =+F22/30/E22*P22 -> 0 | U22: =+F22/30*T22 -> 0 | W22: =+H22/30*V22 -> 0 | Y22: =+F22/30*X22*1 -> 0 | AA22: =+(F22/30*Z22)*0.25 -> 0 | AC22: =AB22*11% -> 0 | AF22: =+AE22+AD22+Y22+U22+R22+Q22+AA22+S22+W22+AC22 -> 0 | AG22: =+O22-AF22 -> 3600
A23: 24 | B23: زياد محمد عبدالواحد | C23: فرع اسماعليه | D23: استيوارد | E23: 9 | F23: 4000 | G23: 27 | H23: =+F23/30*G23 -> 3600 | J23: =+I23*F23/30/E23 -> 0 | L23: =+K23*F23/30 -> 0 | O23: =+N23+M23+L23+J23+H23 -> 3600 | Q23: =+F23/30/E23*P23 -> 0 | U23: =+F23/30*T23 -> 0 | W23: =+H23/30*V23 -> 0 | Y23: =+F23/30*X23*1 -> 0 | AA23: =+(F23/30*Z23)*0.25 -> 0 | AC23: =AB23*11% -> 0 | AF23: =+AE23+AD23+Y23+U23+R23+Q23+AA23+S23+W23+AC23 -> 0 | AG23: =+O23-AF23 -> 3600
A24: 25 | B24: محمود سيد نصرالله | C24: فرع اسماعليه | D24: عضو فريق | E24: 9 | F24: 5000 | G24: 23 | H24: =+F24/30*G24 -> 3833.3333 | J24: =+I24*F24/30/E24 -> 0 | L24: =+K24*F24/30 -> 0 | O24: =+N24+M24+L24+J24+H24 -> 3833.3333 | Q24: =+F24/30/E24*P24 -> 0 | R24: 500 | T24: 2 | U24: =+F24/30*T24 -> 333.33333 | W24: =+H24/30*V24 -> 0 | Y24: =+F24/30*X24*1 -> 0 | AA24: =+(F24/30*Z24)*0.25 -> 0 | AC24: =AB24*11% -> 0 | AF24: =+AE24+AD24+Y24+U24+R24+Q24+AA24+S24+W24+AC24 -> 833.33333 | AG24: =+O24-AF24 -> 3000
A25: 26 | B25: مروان الراوي | C25: فرع اسماعليه | D25: عضو فريق | E25: 9 | F25: 6000 | G25: 30 | H25: =+F25/30*G25 -> 6000 | I25: 33 | J25: =+I25*F25/30/E25 -> 733.33333 | L25: =+K25*F25/30 -> 0 | O25: =+N25+M25+L25+J25+H25 -> 6733.3333 | P25: 11 | Q25: =+F25/30/E25*P25 -> 244.44444 | R25: 3155 | U25: =+F25/30*T25 -> 0 | W25: =+H25/30*V25 -> 0 | Y25: =+F25/30*X25*1 -> 0 | AA25: =+(F25/30*Z25)*0.25 -> 0 | AC25: =AB25*11% -> 0 | AF25: =+AE25+AD25+Y25+U25+R25+Q25+AA25+S25+W25+AC25 -> 3399.4444 | AG25: =+O25-AF25 -> 3333.8889
A26: 27 | B26: عصام الدرديري | C26: فرع اسماعليه | D26: مدير التشغيل | E26: 9 | F26: 20000 | G26: 30 | H26: =+F26/30*G26 -> 20000 | J26: =+I26*F26/30/E26 -> 0 | L26: =+K26*F26/30 -> 0 | O26: =+N26+M26+L26+J26+H26 -> 20000 | Q26: =+F26/30/E26*P26 -> 0 | R26: 1785 | U26: =+F26/30*T26 -> 0 | W26: =+H26/30*V26 -> 0 | Y26: =+F26/30*X26*1 -> 0 | AA26: =+(F26/30*Z26)*0.25 -> 0 | AC26: =AB26*11% -> 0 | AF26: =+AE26+AD26+Y26+U26+R26+Q26+AA26+S26+W26+AC26 -> 1785 | AG26: =+O26-AF26 -> 18215
A27: 28 | B27: يوسف محمد | C27: فرع اسماعليه | D27: استيوارد | E27: 9 | F27: 2000 | G27: 30 | H27: =+F27/30*G27 -> 2000 | J27: =+I27*F27/30/E27 -> 0 | L27: =+K27*F27/30 -> 0 | O27: =+N27+M27+L27+J27+H27 -> 2000 | Q27: =+F27/30/E27*P27 -> 0 | R27: 500 | U27: =+F27/30*T27 -> 0 | W27: =+H27/30*V27 -> 0 | Y27: =+F27/30*X27*1 -> 0 | AA27: =+(F27/30*Z27)*0.25 -> 0 | AC27: =AB27*11% -> 0 | AF27: =+AE27+AD27+Y27+U27+R27+Q27+AA27+S27+W27+AC27 -> 500 | AG27: =+O27-AF27 -> 1500
A28: 29 | E28: 9 | H28: =+F28/30*G28 -> 0 | J28: =+I28*F28/30/E28 -> 0 | L28: =+K28*F28/30 -> 0 | O28: =+N28+M28+L28+J28+H28 -> 0 | Q28: =+F28/30/E28*P28 -> 0 | U28: =+F28/30*T28 -> 0 | W28: =+H28/30*V28 -> 0 | Y28: =+F28/30*X28*1 -> 0 | AA28: =+(F28/30*Z28)*0.25 -> 0 | AC28: =AB28*11% -> 0 | AF28: =+AE28+AD28+Y28+U28+R28+Q28+AA28+S28+W28+AC28 -> 0 | AG28: =+O28-AF28 -> 0
A29: 30 | E29: 9 | H29: =+F29/30*G29 -> 0 | J29: =+I29*F29/30/E29 -> 0 | L29: =+K29*F29/30 -> 0 | O29: =+N29+M29+L29+J29+H29 -> 0 | Q29: =+F29/30/E29*P29 -> 0 | U29: =+F29/30*T29 -> 0 | W29: =+H29/30*V29 -> 0 | Y29: =+F29/30*X29*1 -> 0 | AA29: =+(F29/30*Z29)*0.25 -> 0 | AC29: =AB29*11% -> 0 | AF29: =+AE29+AD29+Y29+U29+R29+Q29+AA29+S29+W29+AC29 -> 0 | AG29: =+O29-AF29 -> 0
A30: 31 | E30: 9 | H30: =+F30/30*G30 -> 0 | J30: =+I30*F30/30/E30 -> 0 | L30: =+K30*F30/30 -> 0 | O30: =+N30+M30+L30+J30+H30 -> 0 | Q30: =+F30/30/E30*P30 -> 0 | U30: =+F30/30*T30 -> 0 | W30: =+H30/30*V30 -> 0 | Y30: =+F30/30*X30*1 -> 0 | AA30: =+(F30/30*Z30)*0.25 -> 0 | AC30: =AB30*11% -> 0 | AF30: =+AE30+AD30+Y30+U30+R30+Q30+AA30+S30+W30+AC30 -> 0 | AG30: =+O30-AF30 -> 0
A31: 32 | E31: 9 | H31: =+F31/30*G31 -> 0 | J31: =+I31*F31/30/E31 -> 0 | L31: =+K31*F31/30 -> 0 | O31: =+N31+M31+L31+J31+H31 -> 0 | Q31: =+F31/30/E31*P31 -> 0 | U31: =+F31/30*T31 -> 0 | W31: =+H31/30*V31 -> 0 | Y31: =+F31/30*X31*1 -> 0 | AA31: =+(F31/30*Z31)*0.25 -> 0 | AC31: =AB31*11% -> 0 | AF31: =+AE31+AD31+Y31+U31+R31+Q31+AA31+S31+W31+AC31 -> 0 | AG31: =+O31-AF31 -> 0
A32: 33 | E32: 9 | H32: =+F32/30*G32 -> 0 | J32: =+I32*F32/30/E32 -> 0 | L32: =+K32*F32/30 -> 0 | O32: =+N32+M32+L32+J32+H32 -> 0 | Q32: =+F32/30/E32*P32 -> 0 | U32: =+F32/30*T32 -> 0 | W32: =+H32/30*V32 -> 0 | Y32: =+F32/30*X32*1 -> 0 | AA32: =+(F32/30*Z32)*0.25 -> 0 | AC32: =AB32*11% -> 0 | AF32: =+AE32+AD32+Y32+U32+R32+Q32+AA32+S32+W32+AC32 -> 0 | AG32: =+O32-AF32 -> 0
A33: 34 | E33: 9 | H33: =+F33/30*G33 -> 0 | J33: =+I33*F33/30/E33 -> 0 | L33: =+K33*F33/30 -> 0 | O33: =+N33+M33+L33+J33+H33 -> 0 | Q33: =+F33/30/E33*P33 -> 0 | U33: =+F33/30*T33 -> 0 | W33: =+H33/30*V33 -> 0 | Y33: =+F33/30*X33*1 -> 0 | AA33: =+(F33/30*Z33)*0.25 -> 0 | AC33: =AB33*11% -> 0 | AF33: =+AE33+AD33+Y33+U33+R33+Q33+AA33+S33+W33+AC33 -> 0 | AG33: =+O33-AF33 -> 0
A34: 35 | E34: 9 | H34: =+F34/30*G34 -> 0 | J34: =+I34*F34/30/E34 -> 0 | L34: =+K34*F34/30 -> 0 | O34: =+N34+M34+L34+J34+H34 -> 0 | Q34: =+F34/30/E34*P34 -> 0 | U34: =+F34/30*T34 -> 0 | W34: =+H34/30*V34 -> 0 | Y34: =+F34/30*X34*1 -> 0 | AA34: =+(F34/30*Z34)*0.25 -> 0 | AC34: =AB34*11% -> 0 | AF34: =+AE34+AD34+Y34+U34+R34+Q34+AA34+S34+W34+AC34 -> 0 | AG34: =+O34-AF34 -> 0
A35: 36 | E35: 9 | H35: =+F35/30*G35 -> 0 | J35: =+I35*F35/30/E35 -> 0 | L35: =+K35*F35/30 -> 0 | O35: =+N35+M35+L35+J35+H35 -> 0 | Q35: =+F35/30/E35*P35 -> 0 | U35: =+F35/30*T35 -> 0 | W35: =+H35/30*V35 -> 0 | Y35: =+F35/30*X35*1 -> 0 | AA35: =+(F35/30*Z35)*0.25 -> 0 | AC35: =AB35*11% -> 0 | AF35: =+AE35+AD35+Y35+U35+R35+Q35+AA35+S35+W35+AC35 -> 0 | AG35: =+O35-AF35 -> 0
A36: 37 | E36: 9 | H36: =+F36/30*G36 -> 0 | J36: =+I36*F36/30/E36 -> 0 | L36: =+K36*F36/30 -> 0 | O36: =+N36+M36+L36+J36+H36 -> 0 | Q36: =+F36/30/E36*P36 -> 0 | U36: =+F36/30*T36 -> 0 | W36: =+H36/30*V36 -> 0 | Y36: =+F36/30*X36*1 -> 0 | AA36: =+(F36/30*Z36)*0.25 -> 0 | AC36: =AB36*11% -> 0 | AF36: =+AE36+AD36+Y36+U36+R36+Q36+AA36+S36+W36+AC36 -> 0 | AG36: =+O36-AF36 -> 0
A37: 38 | E37: 9 | H37: =+F37/30*G37 -> 0 | J37: =+I37*F37/30/E37 -> 0 | L37: =+K37*F37/30 -> 0 | O37: =+N37+M37+L37+J37+H37 -> 0 | Q37: =+F37/30/E37*P37 -> 0 | U37: =+F37/30*T37 -> 0 | W37: =+H37/30*V37 -> 0 | Y37: =+F37/30*X37*1 -> 0 | AA37: =+(F37/30*Z37)*0.25 -> 0 | AC37: =AB37*11% -> 0 | AF37: =+AE37+AD37+Y37+U37+R37+Q37+AA37+S37+W37+AC37 -> 0 | AG37: =+O37-AF37 -> 0
A38: 39 | E38: 9 | H38: =+F38/30*G38 -> 0 | J38: =+I38*F38/30/E38 -> 0 | L38: =+K38*F38/30 -> 0 | O38: =+N38+M38+L38+J38+H38 -> 0 | Q38: =+F38/30/E38*P38 -> 0 | U38: =+F38/30*T38 -> 0 | W38: =+H38/30*V38 -> 0 | Y38: =+F38/30*X38*1 -> 0 | AA38: =+(F38/30*Z38)*0.25 -> 0 | AC38: =AB38*11% -> 0 | AF38: =+AE38+AD38+Y38+U38+R38+Q38+AA38+S38+W38+AC38 -> 0 | AG38: =+O38-AF38 -> 0
A39: 40 | E39: 9 | H39: =+F39/30*G39 -> 0 | J39: =+I39*F39/30/E39 -> 0 | L39: =+K39*F39/30 -> 0 | O39: =+N39+M39+L39+J39+H39 -> 0 | Q39: =+F39/30/E39*P39 -> 0 | U39: =+F39/30*T39 -> 0 | W39: =+H39/30*V39 -> 0 | Y39: =+F39/30*X39*1 -> 0 | AA39: =+(F39/30*Z39)*0.25 -> 0 | AC39: =AB39*11% -> 0 | AF39: =+AE39+AD39+Y39+U39+R39+Q39+AA39+S39+W39+AC39 -> 0 | AG39: =+O39-AF39 -> 0
... A113: 114 | E113: 9 | H113: =+F113/30*G113 -> 0 | J113: =+I113*F113/30/E113 -> 0 | L113: =+K113*F113/30 -> 0 | O113: =+N113+M113+L113+J113+H113 -> 0 | Q113: =+F113/30/E113*P113 -> 0 | U113: =+F113/30*T113 -> 0 | W113: =+H113/30*V113 -> 0 | Y113: =+F113/30*X113*1 -> 0 | AA113: =+(F113/30*Z113)*0.25 -> 0 | AC113: =AB113*11% -> 0 | AF113: =+AE113+AD113+Y113+U113+R113+Q113+AA113+S113+W113+AC113 -> 0 | AG113: =+O113-AF113 -> 0
E114: 9 | H114: =+F114/30*G114 -> 0 | J114: =+I114*F114/30/E114 -> 0 | L114: =+K114*F114/30 -> 0 | O114: =+N114+M114+L114+J114+H114 -> 0 | Q114: =+F114/30/E114*P114 -> 0 | U114: =+F114/30*T114 -> 0 | W114: =+H114/30*V114 -> 0 | Y114: =+F114/30*X114*1 -> 0 | AA114: =+(F114/30*Z114)*0.25 -> 0 | AC114: =AB114*11% -> 0 | AF114: =+AE114+AD114+Y114+U114+R114+Q114+AA114+S114+W114+AC114 -> 0 | AG114: =+O114-AF114 -> 0
E115: 9 | H115: =+F115/30*G115 -> 0 | J115: =+I115*F115/30/E115 -> 0 | L115: =+K115*F115/30 -> 0 | O115: =+N115+M115+L115+J115+H115 -> 0 | Q115: =+F115/30/E115*P115 -> 0 | U115: =+F115/30*T115 -> 0 | W115: =+H115/30*V115 -> 0 | Y115: =+F115/30*X115*1 -> 0 | AA115: =+(F115/30*Z115)*0.25 -> 0 | AC115: =AB115*11% -> 0 | AF115: =+AE115+AD115+Y115+U115+R115+Q115+AA115+S115+W115+AC115 -> 0 | AG115: =+O115-AF115 -> 0
E116: 9 | H116: =+F116/30*G116 -> 0 | J116: =+I116*F116/30/E116 -> 0 | L116: =+K116*F116/30 -> 0 | O116: =+N116+M116+L116+J116+H116 -> 0 | Q116: =+F116/30/E116*P116 -> 0 | U116: =+F116/30*T116 -> 0 | W116: =+H116/30*V116 -> 0 | Y116: =+F116/30*X116*1 -> 0 | AA116: =+(F116/30*Z116)*0.25 -> 0 | AC116: =AB116*11% -> 0 | AF116: =+AE116+AD116+Y116+U116+R116+Q116+AA116+S116+W116+AC116 -> 0 | AG116: =+O116-AF116 -> 0
E117: 9 | H117: =+F117/30*G117 -> 0 | J117: =+I117*F117/30/E117 -> 0 | L117: =+K117*F117/30 -> 0 | O117: =+N117+M117+L117+J117+H117 -> 0 | Q117: =+F117/30/E117*P117 -> 0 | U117: =+F117/30*T117 -> 0 | W117: =+H117/30*V117 -> 0 | Y117: =+F117/30*X117*1 -> 0 | AA117: =+(F117/30*Z117)*0.25 -> 0 | AC117: =AB117*11% -> 0 | AF117: =+AE117+AD117+Y117+U117+R117+Q117+AA117+S117+W117+AC117 -> 0 | AG117: =+O117-AF117 -> 0
E118: 9 | H118: =+F118/30*G118 -> 0 | J118: =+I118*F118/30/E118 -> 0 | L118: =+K118*F118/30 -> 0 | O118: =+N118+M118+L118+J118+H118 -> 0 | Q118: =+F118/30/E118*P118 -> 0 | U118: =+F118/30*T118 -> 0 | W118: =+H118/30*V118 -> 0 | Y118: =+F118/30*X118*1 -> 0 | AA118: =+(F118/30*Z118)*0.25 -> 0 | AC118: =AB118*11% -> 0 | AF118: =+AE118+AD118+Y118+U118+R118+Q118+AA118+S118+W118+AC118 -> 0 | AG118: =+O118-AF118 -> 0
E119: 9 | H119: =+F119/30*G119 -> 0 | J119: =+I119*F119/30/E119 -> 0 | L119: =+K119*F119/30 -> 0 | O119: =+N119+M119+L119+J119+H119 -> 0 | Q119: =+F119/30/E119*P119 -> 0 | U119: =+F119/30*T119 -> 0 | W119: =+H119/30*V119 -> 0 | Y119: =+F119/30*X119*1 -> 0 | AA119: =+(F119/30*Z119)*0.25 -> 0 | AC119: =AB119*11% -> 0 | AF119: =+AE119+AD119+Y119+U119+R119+Q119+AA119+S119+W119+AC119 -> 0 | AG119: =+O119-AF119 -> 0
E120: 9 | H120: =+F120/30*G120 -> 0 | J120: =+I120*F120/30/E120 -> 0 | L120: =+K120*F120/30 -> 0 | O120: =+N120+M120+L120+J120+H120 -> 0 | Q120: =+F120/30/E120*P120 -> 0 | U120: =+F120/30*T120 -> 0 | W120: =+H120/30*V120 -> 0 | Y120: =+F120/30*X120*1 -> 0 | AA120: =+(F120/30*Z120)*0.25 -> 0 | AC120: =AB120*11% -> 0 | AF120: =+AE120+AD120+Y120+U120+R120+Q120+AA120+S120+W120+AC120 -> 0 | AG120: =+O120-AF120 -> 0
E121: 9 | H121: =+F121/30*G121 -> 0 | J121: =+I121*F121/30/E121 -> 0 | L121: =+K121*F121/30 -> 0 | O121: =+N121+M121+L121+J121+H121 -> 0 | Q121: =+F121/30/E121*P121 -> 0 | U121: =+F121/30*T121 -> 0 | W121: =+H121/30*V121 -> 0 | Y121: =+F121/30*X121*1 -> 0 | AA121: =+(F121/30*Z121)*0.25 -> 0 | AC121: =AB121*11% -> 0 | AF121: =+AE121+AD121+Y121+U121+R121+Q121+AA121+S121+W121+AC121 -> 0 | AG121: =+O121-AF121 -> 0
E122: 9 | H122: =+F122/30*G122 -> 0 | J122: =+I122*F122/30/E122 -> 0 | L122: =+K122*F122/30 -> 0 | O122: =+N122+M122+L122+J122+H122 -> 0 | Q122: =+F122/30/E122*P122 -> 0 | U122: =+F122/30*T122 -> 0 | W122: =+H122/30*V122 -> 0 | Y122: =+F122/30*X122*1 -> 0 | AA122: =+(F122/30*Z122)*0.25 -> 0 | AC122: =AB122*11% -> 0 | AF122: =+AE122+AD122+Y122+U122+R122+Q122+AA122+S122+W122+AC122 -> 0 | AG122: =+O122-AF122 -> 0
E123: 9 | H123: =+F123/30*G123 -> 0 | J123: =+I123*F123/30/E123 -> 0 | L123: =+K123*F123/30 -> 0 | O123: =+N123+M123+L123+J123+H123 -> 0 | Q123: =+F123/30/E123*P123 -> 0 | U123: =+F123/30*T123 -> 0 | W123: =+H123/30*V123 -> 0 | Y123: =+F123/30*X123*1 -> 0 | AA123: =+(F123/30*Z123)*0.25 -> 0 | AC123: =AB123*11% -> 0 | AF123: =+AE123+AD123+Y123+U123+R123+Q123+AA123+S123+W123+AC123 -> 0 | AG123: =+O123-AF123 -> 0
E124: 9 | H124: =+F124/30*G124 -> 0 | J124: =+I124*F124/30/E124 -> 0 | L124: =+K124*F124/30 -> 0 | O124: =+N124+M124+L124+J124+H124 -> 0 | Q124: =+F124/30/E124*P124 -> 0 | U124: =+F124/30*T124 -> 0 | W124: =+H124/30*V124 -> 0 | Y124: =+F124/30*X124*1 -> 0 | AA124: =+(F124/30*Z124)*0.25 -> 0 | AC124: =AB124*11% -> 0 | AF124: =+AE124+AD124+Y124+U124+R124+Q124+AA124+S124+W124+AC124 -> 0 | AG124: =+O124-AF124 -> 0
E125: 9 | H125: =+F125/30*G125 -> 0 | J125: =+I125*F125/30/E125 -> 0 | L125: =+K125*F125/30 -> 0 | O125: =+N125+M125+L125+J125+H125 -> 0 | Q125: =+F125/30/E125*P125 -> 0 | U125: =+F125/30*T125 -> 0 | W125: =+H125/30*V125 -> 0 | Y125: =+F125/30*X125*1 -> 0 | AA125: =+(F125/30*Z125)*0.25 -> 0 | AC125: =AB125*11% -> 0 | AF125: =+AE125+AD125+Y125+U125+R125+Q125+AA125+S125+W125+AC125 -> 0 | AG125: =+O125-AF125 -> 0
... E200: 9 | H200: =+F200/30*G200 -> 0 | J200: =+I200*F200/30/E200 -> 0 | L200: =+K200*F200/30 -> 0 | O200: =+N200+M200+L200+J200+H200 -> 0 | Q200: =+F200/30/E200*P200 -> 0 | U200: =+F200/30*T200 -> 0 | W200: =+H200/30*V200 -> 0 | Y200: =+F200/30*X200*1 -> 0 | AA200: =+(F200/30*Z200)*0.25 -> 0 | AC200: =AB200*11% -> 0 | AF200: =+AE200+AD200+Y200+U200+R200+Q200+AA200+S200+W200+AC200 -> 0 | AG200: =+O200-AF200 -> 0
A201: الاجماليات | F201: =SUM(F5:F200) -> 162500 | G201: =SUM(G5:G200) -> 605 | H201: =SUM(H5:H200) -> 145366.67 | I201: =SUM(I5:I200) -> 204 | J201: =SUM(J5:J200) -> 5592.5926 | K201: =SUM(K5:K200) -> 0 | L201: =SUM(L5:L200) -> 0 | M201: =SUM(M5:M200) -> 6000 | N201: =SUM(N5:N200) -> 0 | O201: =+N201+M201+L201+J201+H201 -> 156959.26 | P201: =SUM(P5:P200) -> 35 | Q201: =SUM(Q5:Q200) -> 837.03704 | R201: =SUM(R5:R200) -> 37485 | S201: =SUM(S5:S200) -> 0 | T201: =SUM(T5:T200) -> 8 | U201: =SUM(U5:U200) -> 1833.3333 | V201: =SUM(V5:V200) -> 0 | W201: =SUM(W5:W200) -> 0 | ... AC201: =SUM(AC5:AC200) -> 0 | AE201: =SUM(AE5:AE200) -> 1465 | AF201: =SUM(AF5:AF200) -> 42220.37 | AG201: =SUM(AG5:AG200) -> 114738.89
A202: الإجمالي | E202: =SUBTOTAL(9,E5:E201) -> 1764 | F202: =SUBTOTAL(9,F5:F200) -> 162500 | G202: =SUBTOTAL(9,G5:G200) -> 605 | H202: =SUBTOTAL(9,H5:H200) -> 145366.67 | I202: =SUBTOTAL(9,I5:I200) -> 204 | J202: =SUBTOTAL(9,J5:J200) -> 5592.5926 | K202: =SUBTOTAL(9,K5:K200) -> 0 | L202: =SUBTOTAL(9,L5:L200) -> 0 | M202: =SUBTOTAL(9,M5:M200) -> 6000 | ... AF202: =SUBTOTAL(9,AF5:AF200) -> 42220.37 | AG202: =+O202-AF202 -> 114738.89 | AH202: =SUM(F202-AG202) -> 47761.111

Sheet فرع الاردنية
A1: مرتبات الاردنيه عن شهر 1-2025
A2: الكود | B2: الاسم | C2: الفرع | D2: الوظيفة | E2: ساعات العمل | F2: الراتب | G2: الاستحقاق | P2: الاستقطاع | AF2: اجمالى الاستقطاع | AG2: صافى الراتب | AH2: ملاحظات
G3: ايام العمل | H3: قيمة ايام العمل | I3: الاضافى بالساعات | J3: قيمة الاضافى | K3: بدل اجازات | L3: قيمة بدل الاجازات | M3: مكافأة | N3: اخرى | O3: اجمالى الاستحقاق | P3: ساعات التاخير | Q3: قيمة ساعات التأخير | R3: سلف | S3: سلفة مرحله | T3: جزاء ادارى | U3: قيمة الجزاء الادارى | V3: جزاء البصمه | W3: قيمة جزاء البصمه | X3: غياب بدون اذن | Y3: جزاء غياب بدون اذن | Z3: المرضى | AA3: قيمة المرضى | AB3: الراتب التاميني | AC3: تأمينات وضرائب | AD3: الانحرافات | AE3: عجز منتجات& عهدة

Sheet شرايط قبض الاردنية
A2: الكود | B2: الاسم | C2: الفرع | D2: الوظيفة | E2: ساعات العمل | F2: الراتب | P2: الاستقطاع | AF2: اجمالى الاستقطاع | AG2: صافى الراتب | AH2: ملاحظات
G3: ايام العمل | H3: قيمة ايام العمل | I3: الاضافى بالساعات | J3: قيمة الاضافى | K3: بدل اجازات | L3: قيمة بدل الاجازات | M3: مكافأة | N3: اخرى | O3: اجمالى الاستحقاق | P3: ساعات التاخير | Q3: قيمة ساعات التأخير | R3: سلف | S3: سلفة مرحله | T3: جزاء ادارى | U3: قيمة الجزاء الادارى | V3: جزاء البصمه | W3: قيمة جزاء البصمه | X3: غياب بدون اذن | Y3: جزاء غياب بدون اذن | Z3: المرضى | AA3: قيمة المرضى | AB3: الراتب التاميني | AC3: تأمينات وضرائب | AD3: الانحرافات | AE3: عجز منتجات& عهدة
A4: 1 | B4: ايه محمد عوضين سليمان | C4: فرع اسماعليه | D4: عضو فريق | E4: 9 | F4: 7000 | G4: 29 | H4: =+F4/30*G4 -> 6766.6667 | I4: 12 | J4: =+I4*F4/30/E4 -> 311.11111 | L4: =+K4*F4/30 -> 0 | O4: =+N4+M4+L4+J4+H4 -> 7077.7778 | Q4: =+F4/30/E4*P4 -> 0 | R4: 1600 | U4: =+F4/30*T4 -> 0 | W4: =+H4/30*V4 -> 0 | Y4: =+F4/30*X4*1 -> 0 | AA4: =+(F4/30*Z4)*0.25 -> 0 | AC4: =AB4*11% -> 0 | AF4: =+AE4+AD4+Y4+U4+R4+Q4+AA4+S4+W4+AC4 -> 1600 | AG4: =+O4-AF4 -> 5477.7778
A6: الكود | B6: الاسم | C6: الفرع | D6: الوظيفة | E6: ساعات العمل | F6: الراتب | G6: الاستحقاق | P6: الاستقطاع | AF6: اجمالى الاستقطاع | AG6: صافى الراتب | AH6: ملاحظات
G7: ايام العمل | H7: قيمة ايام العمل | I7: الاضافى بالساعات | J7: قيمة الاضافى | K7: بدل اجازات | L7: قيمة بدل الاجازات | M7: مكافأة | N7: اخرى | O7: اجمالى الاستحقاق | P7: ساعات التاخير | Q7: قيمة ساعات التأخير | R7: سلف | S7: سلفة مرحله | T7: جزاء ادارى | U7: قيمة الجزاء الادارى | V7: جزاء البصمه | W7: قيمة جزاء البصمه | X7: غياب بدون اذن | Y7: جزاء غياب بدون اذن | Z7: المرضى | AA7: قيمة المرضى | AB7: الراتب التاميني | AC7: تأمينات وضرائب | AD7: الانحرافات | AE7: عجز منتجات& عهدة
A8: 3 | B8: نورسين البغدادي ابراهيم سليم | C8: فرع اسماعليه | D8: عضو فريق | E8: 9 | F8: 7000 | G8: 29 | H8: =+F8/30*G8 -> 6766.6667 | I8: 12 | J8: =+I8*F8/30/E8 -> 311.11111 | L8: =+K8*F8/30 -> 0 | O8: =+N8+M8+L8+J8+H8 -> 7077.7778 | Q8: =+F8/30/E8*P8 -> 0 | R8: 500 | U8: =+F8/30*T8 -> 0 | W8: =+H8/30*V8 -> 0 | Y8: =+F8/30*X8*1 -> 0 | AA8: =+(F8/30*Z8)*0.25 -> 0 | AC8: =AB8*11% -> 0 | AF8: =+AE8+AD8+Y8+U8+R8+Q8+AA8+S8+W8+AC8 -> 500 | AG8: =+O8-AF8 -> 6577.7778
A10: الكود | B10: الاسم | C10: الفرع | D10: الوظيفة | E10: ساعات العمل | F10: الراتب | G10: الاستحقاق | P10: الاستقطاع | AF10: اجمالى الاستقطاع | AG10: صافى الراتب | AH10: ملاحظات
G11: ايام العمل | H11: قيمة ايام العمل | I11: الاضافى بالساعات | J11: قيمة الاضافى | K11: بدل اجازات | L11: قيمة بدل الاجازات | M11: مكافأة | N11: اخرى | O11: اجمالى الاستحقاق | P11: ساعات التاخير | Q11: قيمة ساعات التأخير | R11: سلف | S11: سلفة مرحله | T11: جزاء ادارى | U11: قيمة الجزاء الادارى | V11: جزاء البصمه | W11: قيمة جزاء البصمه | X11: غياب بدون اذن | Y11: جزاء غياب بدون اذن | Z11: المرضى | AA11: قيمة المرضى | AB11: الراتب التاميني | AC11: تأمينات وضرائب | AD11: الانحرافات | AE11: عجز منتجات& عهدة
A12: 4 | B12: مريم | C12: فرع اسماعليه | D12: كاشير | E12: 9 | F12: 6500 | G12: 30 | H12: =+F12/30*G12 -> 6500 | I12: 10 | J12: =+I12*F12/30/E12 -> 240.74074 | L12: =+K12*F12/30 -> 0 | O12: =+N12+M12+L12+J12+H12 -> 6740.7407 | P12: 6 | Q12: =+F12/30/E12*P12 -> 144.44444 | R12: 815 | U12: =+F12/30*T12 -> 0 | W12: =+H12/30*V12 -> 0 | Y12: =+F12/30*X12*1 -> 0 | AA12: =+(F12/30*Z12)*0.25 -> 0 | AC12: =AB12*11% -> 0 | AF12: =+AE12+AD12+Y12+U12+R12+Q12+AA12+S12+W12+AC12 -> 959.44444 | AG12: =+O12-AF12 -> 5781.2963
A14: الكود | B14: الاسم | C14: الفرع | D14: الوظيفة | E14: ساعات العمل | F14: الراتب | G14: الاستحقاق | P14: الاستقطاع | AF14: اجمالى الاستقطاع | AG14: صافى الراتب | AH14: ملاحظات
G15: ايام العمل | H15: قيمة ايام العمل | I15: الاضافى بالساعات | J15: قيمة الاضافى | K15: بدل اجازات | L15: قيمة بدل الاجازات | M15: مكافأة | N15: اخرى | O15: اجمالى الاستحقاق | P15: ساعات التاخير | Q15: قيمة ساعات التأخير | R15: سلف | S15: سلفة مرحله | T15: جزاء ادارى | U15: قيمة الجزاء الادارى | V15: جزاء البصمه | W15: قيمة جزاء البصمه | X15: غياب بدون اذن | Y15: جزاء غياب بدون اذن | Z15: المرضى | AA15: قيمة المرضى | AB15: الراتب التاميني | AC15: تأمينات وضرائب | AD15: الانحرافات | AE15: عجز منتجات& عهدة
A16: 5 | B16: سيد احمد حسن جاد الرب | C16: فرع اسماعليه | D16: عضو فريق | E16: 9 | F16: 6000 | G16: 29 | H16: =+F16/30*G16 -> 5800 | I16: 21 | J16: =+I16*F16/30/E16 -> 466.66667 | L16: =+K16*F16/30 -> 0 | O16: =+N16+M16+L16+J16+H16 -> 6266.6667 | P16: 4 | Q16: =+F16/30/E16*P16 -> 88.888889 | R16: 200 | U16: =+F16/30*T16 -> 0 | W16: =+H16/30*V16 -> 0 | Y16: =+F16/30*X16*1 -> 0 | AA16: =+(F16/30*Z16)*0.25 -> 0 | AC16: =AB16*11% -> 0 | AF16: =+AE16+AD16+Y16+U16+R16+Q16+AA16+S16+W16+AC16 -> 288.88889 | AG16: =+O16-AF16 -> 5977.7778
A18: الكود | B18: الاسم | C18: الفرع | D18: الوظيفة | E18: ساعات العمل | F18: الراتب | G18: الاستحقاق | P18: الاستقطاع | AF18: اجمالى الاستقطاع | AG18: صافى الراتب | AH18: ملاحظات
G19: ايام العمل | H19: قيمة ايام العمل | I19: الاضافى بالساعات | J19: قيمة الاضافى | K19: بدل اجازات | L19: قيمة بدل الاجازات | M19: مكافأة | N19: اخرى | O19: اجمالى الاستحقاق | P19: ساعات التاخير | Q19: قيمة ساعات التأخير | R19: سلف | S19: سلفة مرحله | T19: جزاء ادارى | U19: قيمة الجزاء الادارى | V19: جزاء البصمه | W19: قيمة جزاء البصمه | X19: غياب بدون اذن | Y19: جزاء غياب بدون اذن | Z19: المرضى | AA19: قيمة المرضى | AB19: الراتب التاميني | AC19: تأمينات وضرائب | AD19: الانحرافات | AE19: عجز منتجات& عهدة
A20: 6 | B20: احمد رمضان | C20: فرع اسماعليه | D20: عضو فريق | E20: 9 | F20: 6500 | G20: 29 | H20: =+F20/30*G20 -> 6283.3333 | I20: 2 | J20: =+I20*F20/30/E20 -> 48.148148 | L20: =+K20*F20/30 -> 0 | O20: =+N20+M20+L20+J20+H20 -> 6331.4815 | P20: 2 | Q20: =+F20/30/E20*P20 -> 48.148148 | R20: 3300 | T20: 2 | U20: =+F20/30*T20 -> 433.33333 | W20: =+H20/30*V20 -> 0 | Y20: =+F20/30*X20*1 -> 0 | AA20: =+(F20/30*Z20)*0.25 -> 0 | AC20: =AB20*11% -> 0 | AE20: 700 | AF20: =+AE20+AD20+Y20+U20+R20+Q20+AA20+S20+W20+AC20 -> 4481.4815 | AG20: =+O20-AF20 -> 1850 | AH20: 700ج تصليح الزجاج +خصم 2 يوم
A22: الكود | B22: الاسم | C22: الفرع | D22: الوظيفة | E22: ساعات العمل | F22: الراتب | G22: الاستحقاق | P22: الاستقطاع | AF22: اجمالى الاستقطاع | AG22: صافى الراتب | AH22: ملاحظات
G23: ايام العمل | H23: قيمة ايام العمل | I23: الاضافى بالساعات | J23: قيمة الاضافى | K23: بدل اجازات | L23: قيمة بدل الاجازات | M23: مكافأة | N23: اخرى | O23: اجمالى الاستحقاق | P23: ساعات التاخير | Q23: قيمة ساعات التأخير | R23: سلف | S23: سلفة مرحله | T23: جزاء ادارى | U23: قيمة الجزاء الادارى | V23: جزاء البصمه | W23: قيمة جزاء البصمه | X23: غياب بدون اذن | Y23: جزاء غياب بدون اذن | Z23: المرضى | AA23: قيمة المرضى | AB23: الراتب التاميني | AC23: تأمينات وضرائب | AD23: الانحرافات | AE23: عجز منتجات& عهدة
A24: 7 | B24: ابراهيم محمود | C24: فرع اسماعليه | D24: عضو فريق | E24: 9 | F24: 6000 | G24: 29 | H24: =+F24/30*G24 -> 5800 | I24: 22 | J24: =+I24*F24/30/E24 -> 488.88889 | L24: =+K24*F24/30 -> 0 | O24: =+N24+M24+L24+J24+H24 -> 6288.8889 | Q24: =+F24/30/E24*P24 -> 0 | U24: =+F24/30*T24 -> 0 | W24: =+H24/30*V24 -> 0 | Y24: =+F24/30*X24*1 -> 0 | AA24: =+(F24/30*Z24)*0.25 -> 0 | AC24: =AB24*11% -> 0 | AF24: =+AE24+AD24+Y24+U24+R24+Q24+AA24+S24+W24+AC24 -> 0 | AG24: =+O24-AF24 -> 6288.8889
A26: الكود | B26: الاسم | C26: الفرع | D26: الوظيفة | E26: ساعات العمل | F26: الراتب | G26: الاستحقاق | P26: الاستقطاع | AF26: اجمالى الاستقطاع | AG26: صافى الراتب | AH26: ملاحظات
G27: ايام العمل | H27: قيمة ايام العمل | I27: الاضافى بالساعات | J27: قيمة الاضافى | K27: بدل اجازات | L27: قيمة بدل الاجازات | M27: مكافأة | N27: اخرى | O27: اجمالى الاستحقاق | P27: ساعات التاخير | Q27: قيمة ساعات التأخير | R27: سلف | S27: سلفة مرحله | T27: جزاء ادارى | U27: قيمة الجزاء الادارى | V27: جزاء البصمه | W27: قيمة جزاء البصمه | X27: غياب بدون اذن | Y27: جزاء غياب بدون اذن | Z27: المرضى | AA27: قيمة المرضى | AB27: الراتب التاميني | AC27: تأمينات وضرائب | AD27: الانحرافات | AE27: عجز منتجات& عهدة
A28: 8 | B28: حسن محمد | C28: فرع اسماعليه | D28: ويتر | E28: 9 | F28: 6000 | G28: 26 | H28: =+F28/30*G28 -> 5200 | J28: =+I28*F28/30/E28 -> 0 | L28: =+K28*F28/30 -> 0 | O28: =+N28+M28+L28+J28+H28 -> 5200 | P28: 7 | Q28: =+F28/30/E28*P28 -> 155.55556 | R28: 1030 | U28: =+F28/30*T28 -> 0 | W28: =+H28/30*V28 -> 0 | X28: 3 | Y28: =+F28/30*X28*1 -> 600 | AA28: =+(F28/30*Z28)*0.25 -> 0 | AC28: =AB28*11% -> 0 | AF28: =+AE28+AD28+Y28+U28+R28+Q28+AA28+S28+W28+AC28 -> 1785.5556 | AG28: =+O28-AF28 -> 3414.4444 | AH28: عدم تنفيذ التعليمات الاداريه المكتوبه + غياب الجمعه
A30: الكود | B30: الاسم | C30: الفرع | D30: الوظيفة | E30: ساعات العمل | F30: الراتب | G30: الاستحقاق | P30: الاستقطاع | AF30: اجمالى الاستقطاع | AG30: صافى الراتب | AH30: ملاحظات
G31: ايام العمل | H31: قيمة ايام العمل | I31: الاضافى بالساعات | J31: قيمة الاضافى | K31: بدل اجازات | L31: قيمة بدل الاجازات | M31: مكافأة | N31: اخرى | O31: اجمالى الاستحقاق | P31: ساعات التاخير | Q31: قيمة ساعات التأخير | R31: سلف | S31: سلفة مرحله | T31: جزاء ادارى | U31: قيمة الجزاء الادارى | V31: جزاء البصمه | W31: قيمة جزاء البصمه | X31: غياب بدون اذن | Y31: جزاء غياب بدون اذن | Z31: المرضى | AA31: قيمة المرضى | AB31: الراتب التاميني | AC31: تأمينات وضرائب | AD31: الانحرافات | AE31: عجز منتجات& عهدة
A32: 9 | B32: نها | C32: فرع اسماعليه | D32: كاشير | E32: 9 | F32: 6000 | G32: 29 | H32: =+F32/30*G32 -> 5800 | I32: 4 | J32: =+I32*F32/30/E32 -> 88.888889 | L32: =+K32*F32/30 -> 0 | O32: =+N32+M32+L32+J32+H32 -> 5888.8889 | Q32: =+F32/30/E32*P32 -> 0 | R32: 2210 | U32: =+F32/30*T32 -> 0 | W32: =+H32/30*V32 -> 0 | Y32: =+F32/30*X32*1 -> 0 | AA32: =+(F32/30*Z32)*0.25 -> 0 | AC32: =AB32*11% -> 0 | AF32: =+AE32+AD32+Y32+U32+R32+Q32+AA32+S32+W32+AC32 -> 2210 | AG32: =+O32-AF32 -> 3678.8889
A34: الكود | B34: الاسم | C34: الفرع | D34: الوظيفة | E34: ساعات العمل | F34: الراتب | G34: الاستحقاق | P34: الاستقطاع | AF34: اجمالى الاستقطاع | AG34: صافى الراتب | AH34: ملاحظات
G35: ايام العمل | H35: قيمة ايام العمل | I35: الاضافى بالساعات | J35: قيمة الاضافى | K35: بدل اجازات | L35: قيمة بدل الاجازات | M35: مكافأة | N35: اخرى | O35: اجمالى الاستحقاق | P35: ساعات التاخير | Q35: قيمة ساعات التأخير | R35: سلف | S35: سلفة مرحله | T35: جزاء ادارى | U35: قيمة الجزاء الادارى | V35: جزاء البصمه | W35: قيمة جزاء البصمه | X35: غياب بدون اذن | Y35: جزاء غياب بدون اذن | Z35: المرضى | AA35: قيمة المرضى | AB35: الراتب التاميني | AC35: تأمينات وضرائب | AD35: الانحرافات | AE35: عجز منتجات& عهدة
A36: 14 | B36: احمد هادي ابرهيم متولي | C36: فرع اسماعليه | D36: مطبخ | E36: 9 | F36: 10000 | G36: 30 | H36: =+F36/30*G36 -> 10000 | J36: =+I36*F36/30/E36 -> 0 | L36: =+K36*F36/30 -> 0 | M36: 2000 | O36: =+N36+M36+L36+J36+H36 -> 12000 | P36: 3 | Q36: =+F36/30/E36*P36 -> 111.11111 | R36: 3440 | T36: 1 | U36: =+F36/30*T36 -> 333.33333 | W36: =+H36/30*V36 -> 0 | Y36: =+F36/30*X36*1 -> 0 | AA36: =+(F36/30*Z36)*0.25 -> 0 | AC36: =AB36*11% -> 0 | AE36: 175 | AF36: =+AE36+AD36+Y36+U36+R36+Q36+AA36+S36+W36+AC36 -> 4059.4444 | AG36: =+O36-AF36 -> 7940.5556 | AH36: خصم 4 قطع هالك
A38: الكود | B38: الاسم | C38: الفرع | D38: الوظيفة | E38: ساعات العمل | F38: الراتب | G38: الاستحقاق | P38: الاستقطاع | AF38: اجمالى الاستقطاع | AG38: صافى الراتب | AH38: ملاحظات
G39: ايام العمل | H39: قيمة ايام العمل | I39: الاضافى بالساعات | J39: قيمة الاضافى | K39: بدل اجازات | L39: قيمة بدل الاجازات | M39: مكافأة | N39: اخرى | O39: اجمالى الاستحقاق | P39: ساعات التاخير | Q39: قيمة ساعات التأخير | R39: سلف | S39: سلفة مرحله | T39: جزاء ادارى | U39: قيمة الجزاء الادارى | V39: جزاء البصمه | W39: قيمة جزاء البصمه | X39: غياب بدون اذن | Y39: جزاء غياب بدون اذن | Z39: المرضى | AA39: قيمة المرضى | AB39: الراتب التاميني | AC39: تأمينات وضرائب | AD39: الانحرافات | AE39: عجز منتجات& عهدة
A40: 15 | B40: مصطفي ابراهيم نبوي دراز | C40: فرع اسماعليه | D40: مدير فرع اسماعيليه | E40: 9 | F40: 10000 | G40: 30 | H40: =+F40/30*G40 -> 10000 | J40: =+I40*F40/30/E40 -> 0 | L40: =+K40*F40/30 -> 0 | M40: 2000 | O40: =+N40+M40+L40+J40+H40 -> 12000 | Q40: =+F40/30/E40*P40 -> 0 | R40: 1600 | U40: =+F40/30*T40 -> 0 | W40: =+H40/30*V40 -> 0 | Y40: =+F40/30*X40*1 -> 0 | AA40: =+(F40/30*Z40)*0.25 -> 0 | AC40: =AB40*11% -> 0 | AF40: =+AE40+AD40+Y40+U40+R40+Q40+AA40+S40+W40+AC40 -> 1600 | AG40: =+O40-AF40 -> 10400
A42: الكود | B42: الاسم | C42: الفرع | D42: الوظيفة | E42: ساعات العمل | F42: الراتب | G42: الاستحقاق | P42: الاستقطاع | AF42: اجمالى الاستقطاع | AG42: صافى الراتب | AH42: ملاحظات
G43: ايام العمل | H43: قيمة ايام العمل | I43: الاضافى بالساعات | J43: قيمة الاضافى | K43: بدل اجازات | L43: قيمة بدل الاجازات | M43: مكافأة | N43: اخرى | O43: اجمالى الاستحقاق | P43: ساعات التاخير | Q43: قيمة ساعات التأخير | R43: سلف | S43: سلفة مرحله | T43: جزاء ادارى | U43: قيمة الجزاء الادارى | V43: جزاء البصمه | W43: قيمة جزاء البصمه | X43: غياب بدون اذن | Y43: جزاء غياب بدون اذن | Z43: المرضى | AA43: قيمة المرضى | AB43: الراتب التاميني | AC43: تأمينات وضرائب | AD43: الانحرافات | AE43: عجز منتجات& عهدة
A44: 13 | B44: كريم خالد عبدالمريد دياب محمود | C44: فرع اسماعليه | D44: عضو فريق | E44: 9 | F44: 7500 | G44: 27 | H44: =+F44/30*G44 -> 6750 | J44: =+I44*F44/30/E44 -> 0 | L44: =+K44*F44/30 -> 0 | O44: =+N44+M44+L44+J44+H44 -> 6750 | Q44: =+F44/30/E44*P44 -> 0 | R44: 4725 | T44: 2 | U44: =+F44/30*T44 -> 500 | W44: =+H44/30*V44 -> 0 | Y44: =+F44/30*X44*1 -> 0 | AA44: =+(F44/30*Z44)*0.25 -> 0 | AC44: =AB44*11% -> 0 | AF44: =+AE44+AD44+Y44+U44+R44+Q44+AA44+S44+W44+AC44 -> 5225 | AG44: =+O44-AF44 -> 1525 | AH44: التطاول والمشاجرة مع مستر عصام + عم الالتزام بكتابه الحضور
A46: الكود | B46: الاسم | C46: الفرع | D46: الوظيفة | E46: ساعات العمل | F46: الراتب | G46: الاستحقاق | P46: الاستقطاع | AF46: اجمالى الاستقطاع | AG46: صافى الراتب | AH46: ملاحظات
G47: ايام العمل | H47: قيمة ايام العمل | I47: الاضافى بالساعات | J47: قيمة الاضافى | K47: بدل اجازات | L47: قيمة بدل الاجازات | M47: مكافأة | N47: اخرى | O47: اجمالى الاستحقاق | P47: ساعات التاخير | Q47: قيمة ساعات التأخير | R47: سلف | S47: سلفة مرحله | T47: جزاء ادارى | U47: قيمة الجزاء الادارى | V47: جزاء البصمه | W47: قيمة جزاء البصمه | X47: غياب بدون اذن | Y47: جزاء غياب بدون اذن | Z47: المرضى | AA47: قيمة المرضى | AB47: الراتب التاميني | AC47: تأمينات وضرائب | AD47: الانحرافات | AE47: عجز منتجات& عهدة
A48: 16 | B48: عبدالرحمن اوتاكا | C48: فرع اسماعليه | D48: كاشير | E48: 9 | F48: 6000 | G48: 21 | H48: =+F48/30*G48 -> 4200 | I48: 10 | J48: =+I48*F48/30/E48 -> 222.22222 | L48: =+K48*F48/30 -> 0 | O48: =+N48+M48+L48+J48+H48 -> 4422.2222 | P48: 2 | Q48: =+F48/30/E48*P48 -> 44.444444 | R48: 635 | U48: =+F48/30*T48 -> 0 | W48: =+H48/30*V48 -> 0 | Y48: =+F48/30*X48*1 -> 0 | AA48: =+(F48/30*Z48)*0.25 -> 0 | AC48: =AB48*11% -> 0 | AF48: =+AE48+AD48+Y48+U48+R48+Q48+AA48+S48+W48+AC48 -> 679.44444 | AG48: =+O48-AF48 -> 3742.7778
A50: الكود | B50: الاسم | C50: الفرع | D50: الوظيفة | E50: ساعات العمل | F50: الراتب | G50: الاستحقاق | P50: الاستقطاع | AF50: اجمالى الاستقطاع | AG50: صافى الراتب | AH50: ملاحظات
G51: ايام العمل | H51: قيمة ايام العمل | I51: الاضافى بالساعات | J51: قيمة الاضافى | K51: بدل اجازات | L51: قيمة بدل الاجازات | M51: مكافأة | N51: اخرى | O51: اجمالى الاستحقاق | P51: ساعات التاخير | Q51: قيمة ساعات التأخير | R51: سلف | S51: سلفة مرحله | T51: جزاء ادارى | U51: قيمة الجزاء الادارى | V51: جزاء البصمه | W51: قيمة جزاء البصمه | X51: غياب بدون اذن | Y51: جزاء غياب بدون اذن | Z51: المرضى | AA51: قيمة المرضى | AB51: الراتب التاميني | AC51: تأمينات وضرائب | AD51: الانحرافات | AE51: عجز منتجات& عهدة
A52: 17 | B52: شريف عاطف | C52: فرع اسماعليه | D52: مطبخ | E52: 9 | F52: 10000 | G52: 30 | H52: =+F52/30*G52 -> 10000 | I52: 50 | J52: =+I52*F52/30/E52 -> 1851.8519 | L52: =+K52*F52/30 -> 0 | O52: =+N52+M52+L52+J52+H52 -> 11851.852 | Q52: =+F52/30/E52*P52 -> 0 | R52: 3000 | U52: =+F52/30*T52 -> 0 | W52: =+H52/30*V52 -> 0 | Y52: =+F52/30*X52*1 -> 0 | AA52: =+(F52/30*Z52)*0.25 -> 0 | AC52: =AB52*11% -> 0 | AF52: =+AE52+AD52+Y52+U52+R52+Q52+AA52+S52+W52+AC52 -> 3000 | AG52: =+O52-AF52 -> 8851.8519
A54: الكود | B54: الاسم | C54: الفرع | D54: الوظيفة | E54: ساعات العمل | F54: الراتب | G54: الاستحقاق | P54: الاستقطاع | AF54: اجمالى الاستقطاع | AG54: صافى الراتب | AH54: ملاحظات
G55: ايام العمل | H55: قيمة ايام العمل | I55: الاضافى بالساعات | J55: قيمة الاضافى | K55: بدل اجازات | L55: قيمة بدل الاجازات | M55: مكافأة | N55: اخرى | O55: اجمالى الاستحقاق | P55: ساعات التاخير | Q55: قيمة ساعات التأخير | R55: سلف | S55: سلفة مرحله | T55: جزاء ادارى | U55: قيمة الجزاء الادارى | V55: جزاء البصمه | W55: قيمة جزاء البصمه | X55: غياب بدون اذن | Y55: جزاء غياب بدون اذن | Z55: المرضى | AA55: قيمة المرضى | AB55: الراتب التاميني | AC55: تأمينات وضرائب | AD55: الانحرافات | AE55: عجز منتجات& عهدة
A56: 18 | B56: علي رفاعي | C56: فرع اسماعليه | D56: مطبخ | E56: 9 | F56: 8000 | G56: 21 | H56: =+F56/30*G56 -> 5600 | I56: 28 | J56: =+I56*F56/30/E56 -> 829.62963 | L56: =+K56*F56/30 -> 0 | O56: =+N56+M56+L56+J56+H56 -> 6429.6296 | Q56: =+F56/30/E56*P56 -> 0 | R56: 3895 | U56: =+F56/30*T56 -> 0 | W56: =+H56/30*V56 -> 0 | Y56: =+F56/30*X56*1 -> 0 | AA56: =+(F56/30*Z56)*0.25 -> 0 | AC56: =AB56*11% -> 0 | AF56: =+AE56+AD56+Y56+U56+R56+Q56+AA56+S56+W56+AC56 -> 3895 | AG56: =+O56-AF56 -> 2534.6296
A58: الكود | B58: الاسم | C58: الفرع | D58: الوظيفة | E58: ساعات العمل | F58: الراتب | G58: الاستحقاق | P58: الاستقطاع | AF58: اجمالى الاستقطاع | AG58: صافى الراتب | AH58: ملاحظات
G59: ايام العمل | H59: قيمة ايام العمل | I59: الاضافى بالساعات | J59: قيمة الاضافى | K59: بدل اجازات | L59: قيمة بدل الاجازات | M59: مكافأة | N59: اخرى | O59: اجمالى الاستحقاق | P59: ساعات التاخير | Q59: قيمة ساعات التأخير | R59: سلف | S59: سلفة مرحله | T59: جزاء ادارى | U59: قيمة الجزاء الادارى | V59: جزاء البصمه | W59: قيمة جزاء البصمه | X59: غياب بدون اذن | Y59: جزاء غياب بدون اذن | Z59: المرضى | AA59: قيمة المرضى | AB59: الراتب التاميني | AC59: تأمينات وضرائب | AD59: الانحرافات | AE59: عجز منتجات& عهدة
A60: 12 | B60: محمد علي عفرتو | C60: فرع اسماعليه | D60: عضو فريق | E60: 9 | F60: 7000 | G60: 29 | H60: =+F60/30*G60 -> 6766.6667 | J60: =+I60*F60/30/E60 -> 0 | L60: =+K60*F60/30 -> 0 | O60: =+N60+M60+L60+J60+H60 -> 6766.6667 | Q60: =+F60/30/E60*P60 -> 0 | R60: 3910 | T60: 1 | U60: =+F60/30*T60 -> 233.33333 | W60: =+H60/30*V60 -> 0 | Y60: =+F60/30*X60*1 -> 0 | AA60: =+(F60/30*Z60)*0.25 -> 0 | AC60: =AB60*11% -> 0 | AE60: 590 | AF60: =+AE60+AD60+Y60+U60+R60+Q60+AA60+S60+W60+AC60 -> 4733.3333 | AG60: =+O60-AF60 -> 2033.3333 | AH60: خصم اوردر مرتجع 590ج + 1 يوم
A62: الكود | B62: الاسم | C62: الفرع | D62: الوظيفة | E62: ساعات العمل | F62: الراتب | G62: الاستحقاق | P62: الاستقطاع | AF62: اجمالى الاستقطاع | AG62: صافى الراتب | AH62: ملاحظات
G63: ايام العمل | H63: قيمة ايام العمل | I63: الاضافى بالساعات | J63: قيمة الاضافى | K63: بدل اجازات | L63: قيمة بدل الاجازات | M63: مكافأة | N63: اخرى | O63: اجمالى الاستحقاق | P63: ساعات التاخير | Q63: قيمة ساعات التأخير | R63: سلف | S63: سلفة مرحله | T63: جزاء ادارى | U63: قيمة الجزاء الادارى | V63: جزاء البصمه | W63: قيمة جزاء البصمه | X63: غياب بدون اذن | Y63: جزاء غياب بدون اذن | Z63: المرضى | AA63: قيمة المرضى | AB63: الراتب التاميني | AC63: تأمينات وضرائب | AD63: الانحرافات | AE63: عجز منتجات& عهدة
A64: 11 | B64: عبدالرحمن احمد محمد احمد مصطفي | C64: فرع اسماعليه | D64: كاشير | E64: 9 | F64: 6500 | G64: 13 | H64: =+F64/30*G64 -> 2816.6667 | J64: =+I64*F64/30/E64 -> 0 | L64: =+K64*F64/30 -> 0 | O64: =+N64+M64+L64+J64+H64 -> 2816.6667 | Q64: =+F64/30/E64*P64 -> 0 | R64: 700 | U64: =+F64/30*T64 -> 0 | W64: =+H64/30*V64 -> 0 | Y64: =+F64/30*X64*1 -> 0 | AA64: =+(F64/30*Z64)*0.25 -> 0 | AC64: =AB64*11% -> 0 | AF64: =+AE64+AD64+Y64+U64+R64+Q64+AA64+S64+W64+AC64 -> 700 | AG64: =+O64-AF64 -> 2116.6667
A66: الكود | B66: الاسم | C66: الفرع | D66: الوظيفة | E66: ساعات العمل | F66: الراتب | G66: الاستحقاق | P66: الاستقطاع | AF66: اجمالى الاستقطاع | AG66: صافى الراتب | AH66: ملاحظات
G67: ايام العمل | H67: قيمة ايام العمل | I67: الاضافى بالساعات | J67: قيمة الاضافى | K67: بدل اجازات | L67: قيمة بدل الاجازات | M67: مكافأة | N67: اخرى | O67: اجمالى الاستحقاق | P67: ساعات التاخير | Q67: قيمة ساعات التأخير | R67: سلف | S67: سلفة مرحله | T67: جزاء ادارى | U67: قيمة الجزاء الادارى | V67: جزاء البصمه | W67: قيمة جزاء البصمه | X67: غياب بدون اذن | Y67: جزاء غياب بدون اذن | Z67: المرضى | AA67: قيمة المرضى | AB67: الراتب التاميني | AC67: تأمينات وضرائب | AD67: الانحرافات | AE67: عجز منتجات& عهدة
A68: 10 | B68: فادي روماني | C68: فرع اسماعليه | D68: عضو فريق | E68: 9 | F68: 5500 | G68: 7 | H68: =+F68/30*G68 -> 1283.3333 | J68: =+I68*F68/30/E68 -> 0 | L68: =+K68*F68/30 -> 0 | O68: =+N68+M68+L68+J68+H68 -> 1283.3333 | Q68: =+F68/30/E68*P68 -> 0 | U68: =+F68/30*T68 -> 0 | W68: =+H68/30*V68 -> 0 | Y68: =+F68/30*X68*1 -> 0 | AA68: =+(F68/30*Z68)*0.25 -> 0 | AC68: =AB68*11% -> 0 | AF68: =+AE68+AD68+Y68+U68+R68+Q68+AA68+S68+W68+AC68 -> 0 | AG68: =+O68-AF68 -> 1283.3333
A70: الكود | B70: الاسم | C70: الفرع | D70: الوظيفة | E70: ساعات العمل | F70: الراتب | G70: الاستحقاق | P70: الاستقطاع | AF70: اجمالى الاستقطاع | AG70: صافى الراتب | AH70: ملاحظات
G71: ايام العمل | H71: قيمة ايام العمل | I71: الاضافى بالساعات | J71: قيمة الاضافى | K71: بدل اجازات | L71: قيمة بدل الاجازات | M71: مكافأة | N71: اخرى | O71: اجمالى الاستحقاق | P71: ساعات التاخير | Q71: قيمة ساعات التأخير | R71: سلف | S71: سلفة مرحله | T71: جزاء ادارى | U71: قيمة الجزاء الادارى | V71: جزاء البصمه | W71: قيمة جزاء البصمه | X71: غياب بدون اذن | Y71: جزاء غياب بدون اذن | Z71: المرضى | AA71: قيمة المرضى | AB71: الراتب التاميني | AC71: تأمينات وضرائب | AD71: الانحرافات | AE71: عجز منتجات& عهدة
A72: 23 | B72: سمير محمد عبدالواحد | C72: فرع اسماعليه | D72: استيوارد | E72: 9 | F72: 4000 | G72: 27 | H72: =+F72/30*G72 -> 3600 | J72: =+I72*F72/30/E72 -> 0 | L72: =+K72*F72/30 -> 0 | O72: =+N72+M72+L72+J72+H72 -> 3600 | Q72: =+F72/30/E72*P72 -> 0 | U72: =+F72/30*T72 -> 0 | W72: =+H72/30*V72 -> 0 | Y72: =+F72/30*X72*1 -> 0 | AA72: =+(F72/30*Z72)*0.25 -> 0 | AC72: =AB72*11% -> 0 | AF72: =+AE72+AD72+Y72+U72+R72+Q72+AA72+S72+W72+AC72 -> 0 | AG72: =+O72-AF72 -> 3600
A74: الكود | B74: الاسم | C74: الفرع | D74: الوظيفة | E74: ساعات العمل | F74: الراتب | G74: الاستحقاق | P74: الاستقطاع | AF74: اجمالى الاستقطاع | AG74: صافى الراتب | AH74: ملاحظات
G75: ايام العمل | H75: قيمة ايام العمل | I75: الاضافى بالساعات | J75: قيمة الاضافى | K75: بدل اجازات | L75: قيمة بدل الاجازات | M75: مكافأة | N75: اخرى | O75: اجمالى الاستحقاق | P75: ساعات التاخير | Q75: قيمة ساعات التأخير | R75: سلف | S75: سلفة مرحله | T75: جزاء ادارى | U75: قيمة الجزاء الادارى | V75: جزاء البصمه | W75: قيمة جزاء البصمه | X75: غياب بدون اذن | Y75: جزاء غياب بدون اذن | Z75: المرضى | AA75: قيمة المرضى | AB75: الراتب التاميني | AC75: تأمينات وضرائب | AD75: الانحرافات | AE75: عجز منتجات& عهدة
A76: 24 | B76: زياد محمد عبدالواحد | C76: فرع اسماعليه | D76: استيوارد | E76: 9 | F76: 4000 | G76: 27 | H76: =+F76/30*G76 -> 3600 | J76: =+I76*F76/30/E76 -> 0 | L76: =+K76*F76/30 -> 0 | O76: =+N76+M76+L76+J76+H76 -> 3600 | Q76: =+F76/30/E76*P76 -> 0 | R76: 500 | U76: =+F76/30*T76 -> 0 | W76: =+H76/30*V76 -> 0 | Y76: =+F76/30*X76*1 -> 0 | AA76: =+(F76/30*Z76)*0.25 -> 0 | AC76: =AB76*11% -> 0 | AF76: =+AE76+AD76+Y76+U76+R76+Q76+AA76+S76+W76+AC76 -> 500 | AG76: =+O76-AF76 -> 3100
A78: الكود | B78: الاسم | C78: الفرع | D78: الوظيفة | E78: ساعات العمل | F78: الراتب | G78: الاستحقاق | P78: الاستقطاع | AF78: اجمالى الاستقطاع | AG78: صافى الراتب | AH78: ملاحظات
G79: ايام العمل | H79: قيمة ايام العمل | I79: الاضافى بالساعات | J79: قيمة الاضافى | K79: بدل اجازات | L79: قيمة بدل الاجازات | M79: مكافأة | N79: اخرى | O79: اجمالى الاستحقاق | P79: ساعات التاخير | Q79: قيمة ساعات التأخير | R79: سلف | S79: سلفة مرحله | T79: جزاء ادارى | U79: قيمة الجزاء الادارى | V79: جزاء البصمه | W79: قيمة جزاء البصمه | X79: غياب بدون اذن | Y79: جزاء غياب بدون اذن | Z79: المرضى | AA79: قيمة المرضى | AB79: الراتب التاميني | AC79: تأمينات وضرائب | AD79: الانحرافات | AE79: عجز منتجات& عهدة
A80: 25 | B80: محمود سيد نصرالله | C80: فرع اسماعليه | D80: عضو فريق | E80: 9 | F80: 4000 | G80: 23 | H80: =+F80/30*G80 -> 3066.6667 | J80: =+I80*F80/30/E80 -> 0 | L80: =+K80*F80/30 -> 0 | O80: =+N80+M80+L80+J80+H80 -> 3066.6667 | Q80: =+F80/30/E80*P80 -> 0 | T80: 2 | U80: =+F80/30*T80 -> 266.66667 | W80: =+H80/30*V80 -> 0 | Y80: =+F80/30*X80*1 -> 0 | AA80: =+(F80/30*Z80)*0.25 -> 0 | AC80: =AB80*11% -> 0 | AF80: =+AE80+AD80+Y80+U80+R80+Q80+AA80+S80+W80+AC80 -> 266.66667 | AG80: =+O80-AF80 -> 2800
A82: الكود | B82: الاسم | C82: الفرع | D82: الوظيفة | E82: ساعات العمل | F82: الراتب | G82: الاستحقاق | P82: الاستقطاع | AF82: اجمالى الاستقطاع | AG82: صافى الراتب | AH82: ملاحظات
G83: ايام العمل | H83: قيمة ايام العمل | I83: الاضافى بالساعات | J83: قيمة الاضافى | K83: بدل اجازات | L83: قيمة بدل الاجازات | M83: مكافأة | N83: اخرى | O83: اجمالى الاستحقاق | P83: ساعات التاخير | Q83: قيمة ساعات التأخير | R83: سلف | S83: سلفة مرحله | T83: جزاء ادارى | U83: قيمة الجزاء الادارى | V83: جزاء البصمه | W83: قيمة جزاء البصمه | X83: غياب بدون اذن | Y83: جزاء غياب بدون اذن | Z83: المرضى | AA83: قيمة المرضى | AB83: الراتب التاميني | AC83: تأمينات وضرائب | AD83: الانحرافات | AE83: عجز منتجات& عهدة
A84: 26 | B84: مروان الراوي | C84: فرع اسماعليه | D84: عضو فريق | E84: 9 | F84: 6000 | G84: 30 | H84: =+F84/30*G84 -> 6000 | I84: 33 | J84: =+I84*F84/30/E84 -> 733.33333 | L84: =+K84*F84/30 -> 0 | O84: =+N84+M84+L84+J84+H84 -> 6733.3333 | P84: 11 | Q84: =+F84/30/E84*P84 -> 244.44444 | U84: =+F84/30*T84 -> 0 | W84: =+H84/30*V84 -> 0 | Y84: =+F84/30*X84*1 -> 0 | AA84: =+(F84/30*Z84)*0.25 -> 0 | AC84: =AB84*11% -> 0 | AF84: =+AE84+AD84+Y84+U84+R84+Q84+AA84+S84+W84+AC84 -> 244.44444 | AG84: =+O84-AF84 -> 6488.8889
A86: الكود | B86: الاسم | C86: الفرع | D86: الوظيفة | E86: ساعات العمل | F86: الراتب | G86: الاستحقاق | P86: الاستقطاع | AF86: اجمالى الاستقطاع | AG86: صافى الراتب | AH86: ملاحظات
G87: ايام العمل | H87: قيمة ايام العمل | I87: الاضافى بالساعات | J87: قيمة الاضافى | K87: بدل اجازات | L87: قيمة بدل الاجازات | M87: مكافأة | N87: اخرى | O87: اجمالى الاستحقاق | P87: ساعات التاخير | Q87: قيمة ساعات التأخير | R87: سلف | S87: سلفة مرحله | T87: جزاء ادارى | U87: قيمة الجزاء الادارى | V87: جزاء البصمه | W87: قيمة جزاء البصمه | X87: غياب بدون اذن | Y87: جزاء غياب بدون اذن | Z87: المرضى | AA87: قيمة المرضى | AB87: الراتب التاميني | AC87: تأمينات وضرائب | AD87: الانحرافات | AE87: عجز منتجات& عهدة
A88: 27 | B88: عصام الدرديري | C88: فرع اسماعليه | D88: مدير التشغيل | E88: 9 | F88: 20000 | G88: 30 | H88: =+F88/30*G88 -> 20000 | J88: =+I88*F88/30/E88 -> 0 | L88: =+K88*F88/30 -> 0 | O88: =+N88+M88+L88+J88+H88 -> 20000 | Q88: =+F88/30/E88*P88 -> 0 | R88: 1785 | U88: =+F88/30*T88 -> 0 | W88: =+H88/30*V88 -> 0 | Y88: =+F88/30*X88*1 -> 0 | AA88: =+(F88/30*Z88)*0.25 -> 0 | AC88: =AB88*11% -> 0 | AF88: =+AE88+AD88+Y88+U88+R88+Q88+AA88+S88+W88+AC88 -> 1785 | AG88: =+O88-AF88 -> 18215
A90: الكود | B90: الاسم | C90: الفرع | D90: الوظيفة | E90: ساعات العمل | F90: الراتب | G90: الاستحقاق | P90: الاستقطاع | AF90: اجمالى الاستقطاع | AG90: صافى الراتب | AH90: ملاحظات
G91: ايام العمل | H91: قيمة ايام العمل | I91: الاضافى بالساعات | J91: قيمة الاضافى | K91: بدل اجازات | L91: قيمة بدل الاجازات | M91: مكافأة | N91: اخرى | O91: اجمالى الاستحقاق | P91: ساعات التاخير | Q91: قيمة ساعات التأخير | R91: سلف | S91: سلفة مرحله | T91: جزاء ادارى | U91: قيمة الجزاء الادارى | V91: جزاء البصمه | W91: قيمة جزاء البصمه | X91: غياب بدون اذن | Y91: جزاء غياب بدون اذن | Z91: المرضى | AA91: قيمة المرضى | AB91: الراتب التاميني | AC91: تأمينات وضرائب | AD91: الانحرافات | AE91: عجز منتجات& عهدة
E92: 9 | J92: =+I92*F92/30/E92 -> 0 | L92: =+K92*F92/30 -> 0 | O92: =+N92+M92+L92+J92+H92 -> 0 | Q92: =+F92/30/E92*P92 -> 0 | U92: =+F92/30*T92 -> 0 | W92: =+H92/30*V92 -> 0 | Y92: =+F92/30*X92*1 -> 0 | AA92: =+(F92/30*Z92)*0.25 -> 0 | AC92: =AB92*11% -> 0 | AF92: =+AE92+AD92+Y92+U92+R92+Q92+AA92+S92+W92+AC92 -> 0 | AG92: =+O92-AF92 -> 0
A94: الكود | B94: الاسم | C94: الفرع | D94: الوظيفة | E94: ساعات العمل | F94: الراتب | G94: الاستحقاق | P94: الاستقطاع | AF94: اجمالى الاستقطاع | AG94: صافى الراتب | AH94: ملاحظات
G95: ايام العمل | H95: قيمة ايام العمل | I95: الاضافى بالساعات | J95: قيمة الاضافى | K95: بدل اجازات | L95: قيمة بدل الاجازات | M95: مكافأة | N95: اخرى | O95: اجمالى الاستحقاق | P95: ساعات التاخير | Q95: قيمة ساعات التأخير | R95: سلف | S95: سلفة مرحله | T95: جزاء ادارى | U95: قيمة الجزاء الادارى | V95: جزاء البصمه | W95: قيمة جزاء البصمه | X95: غياب بدون اذن | Y95: جزاء غياب بدون اذن | Z95: المرضى | AA95: قيمة المرضى | AB95: الراتب التاميني | AC95: تأمينات وضرائب | AD95: الانحرافات | AE95: عجز منتجات& عهدة
E96: 9 | H96: =+F96/30*G96 -> 0 | J96: =+I96*F96/30/E96 -> 0 | L96: =+K96*F96/30 -> 0 | O96: =+N96+M96+L96+J96+H96 -> 0 | Q96: =+F96/30/E96*P96 -> 0 | U96: =+F96/30*T96 -> 0 | W96: =+H96/30*V96 -> 0 | Y96: =+F96/30*X96*1 -> 0 | AA96: =+(F96/30*Z96)*0.25 -> 0 | AC96: =AB96*11% -> 0 | AF96: =+AE96+AD96+Y96+U96+R96+Q96+AA96+S96+W96+AC96 -> 0 | AG96: =+O96-AF96 -> 0
A98: الكود | B98: الاسم | C98: الفرع | D98: الوظيفة | E98: ساعات العمل | F98: الراتب | G98: الاستحقاق | P98: الاستقطاع | AF98: اجمالى الاستقطاع | AG98: صافى الراتب | AH98: ملاحظات
G99: ايام العمل | H99: قيمة ايام العمل | I99: الاضافى بالساعات | J99: قيمة الاضافى | K99: بدل اجازات | L99: قيمة بدل الاجازات | M99: مكافأة | N99: اخرى | O99: اجمالى الاستحقاق | P99: ساعات التاخير | Q99: قيمة ساعات التأخير | R99: سلف | S99: سلفة مرحله | T99: جزاء ادارى | U99: قيمة الجزاء الادارى | V99: جزاء البصمه | W99: قيمة جزاء البصمه | X99: غياب بدون اذن | Y99: جزاء غياب بدون اذن | Z99: المرضى | AA99: قيمة المرضى | AB99: الراتب التاميني | AC99: تأمينات وضرائب | AD99: الانحرافات | AE99: عجز منتجات& عهدة
E100: 9 | H100: =+F100/30*G100 -> 0 | J100: =+I100*F100/30/E100 -> 0 | L100: =+K100*F100/30 -> 0 | O100: =+N100+M100+L100+J100+H100 -> 0 | Q100: =+F100/30/E100*P100 -> 0 | U100: =+F100/30*T100 -> 0 | W100: =+H100/30*V100 -> 0 | Y100: =+F100/30*X100*1 -> 0 | AA100: =+(F100/30*Z100)*0.25 -> 0 | AC100: =AB100*11% -> 0 | AF100: =+AE100+AD100+Y100+U100+R100+Q100+AA100+S100+W100+AC100 -> 0 | AG100: =+O100-AF100 -> 0
A102: الكود | B102: الاسم | C102: الفرع | D102: الوظيفة | E102: ساعات العمل | F102: الراتب | G102: الاستحقاق | P102: الاستقطاع | AF102: اجمالى الاستقطاع | AG102: صافى الراتب | AH102: ملاحظات
G103: ايام العمل | H103: قيمة ايام العمل | I103: الاضافى بالساعات | J103: قيمة الاضافى | K103: بدل اجازات | L103: قيمة بدل الاجازات | M103: مكافأة | N103: اخرى | O103: اجمالى الاستحقاق | P103: ساعات التاخير | Q103: قيمة ساعات التأخير | R103: سلف | S103: سلفة مرحله | T103: جزاء ادارى | U103: قيمة الجزاء الادارى | V103: جزاء البصمه | W103: قيمة جزاء البصمه | X103: غياب بدون اذن | Y103: جزاء غياب بدون اذن | Z103: المرضى | AA103: قيمة المرضى | AB103: الراتب التاميني | AC103: تأمينات وضرائب | AD103: الانحرافات | AE103: عجز منتجات& عهدة
E104: 9 | H104: =+F104/30*G104 -> 0 | J104: =+I104*F104/30/E104 -> 0 | L104: =+K104*F104/30 -> 0 | O104: =+N104+M104+L104+J104+H104 -> 0 | Q104: =+F104/30/E104*P104 -> 0 | U104: =+F104/30*T104 -> 0 | W104: =+H104/30*V104 -> 0 | Y104: =+F104/30*X104*1 -> 0 | AA104: =+(F104/30*Z104)*0.25 -> 0 | AC104: =AB104*11% -> 0 | AF104: =+AE104+AD104+Y104+U104+R104+Q104+AA104+S104+W104+AC104 -> 0 | AG104: =+O104-AF104 -> 0
A106: الكود | B106: الاسم | C106: الفرع | D106: الوظيفة | E106: ساعات العمل | F106: الراتب | G106: الاستحقاق | P106: الاستقطاع | AF106: اجمالى الاستقطاع | AG106: صافى الراتب | AH106: ملاحظات
G107: ايام العمل | H107: قيمة ايام العمل | I107: الاضافى بالساعات | J107: قيمة الاضافى | K107: بدل اجازات | L107: قيمة بدل الاجازات | M107: مكافأة | N107: اخرى | O107: اجمالى الاستحقاق | P107: ساعات التاخير | Q107: قيمة ساعات التأخير | R107: سلف | S107: سلفة مرحله | T107: جزاء ادارى | U107: قيمة الجزاء الادارى | V107: جزاء البصمه | W107: قيمة جزاء البصمه | X107: غياب بدون اذن | Y107: جزاء غياب بدون اذن | Z107: المرضى | AA107: قيمة المرضى | AB107: الراتب التاميني | AC107: تأمينات وضرائب | AD107: الانحرافات | AE107: عجز منتجات& عهدة
E108: 9 | H108: =+F108/30*G108 -> 0 | J108: =+I108*F108/30/E108 -> 0 | L108: =+K108*F108/30 -> 0 | O108: =+N108+M108+L108+J108+H108 -> 0 | Q108: =+F108/30/E108*P108 -> 0 | U108: =+F108/30*T108 -> 0 | W108: =+H108/30*V108 -> 0 | Y108: =+F108/30*X108*1 -> 0 | AA108: =+(F108/30*Z108)*0.25 -> 0 | AC108: =AB108*11% -> 0 | AF108: =+AE108+AD108+Y108+U108+R108+Q108+AA108+S108+W108+AC108 -> 0 | AG108: =+O108-AF108 -> 0
A110: الكود | B110: الاسم | C110: الفرع | D110: الوظيفة | E110: ساعات العمل | F110: الراتب | G110: الاستحقاق | P110: الاستقطاع | AF110: اجمالى الاستقطاع | AG110: صافى الراتب | AH110: ملاحظات
G111: ايام العمل | H111: قيمة ايام العمل | I111: الاضافى بالساعات | J111: قيمة الاضافى | K111: بدل اجازات | L111: قيمة بدل الاجازات | M111: مكافأة | N111: اخرى | O111: اجمالى الاستحقاق | P111: ساعات التاخير | Q111: قيمة ساعات التأخير | R111: سلف | S111: سلفة مرحله | T111: جزاء ادارى | U111: قيمة الجزاء الادارى | V111: جزاء البصمه | W111: قيمة جزاء البصمه | X111: غياب بدون اذن | Y111: جزاء غياب بدون اذن | Z111: المرضى | AA111: قيمة المرضى | AB111: الراتب التاميني | AC111: تأمينات وضرائب | AD111: الانحرافات | AE111: عجز منتجات& عهدة
E112: 9 | H112: =+F112/30*G112 -> 0 | J112: =+I112*F112/30/E112 -> 0 | L112: =+K112*F112/30 -> 0 | O112: =+N112+M112+L112+J112+H112 -> 0 | Q112: =+F112/30/E112*P112 -> 0 | R112: 60 | T112: 2 | U112: =+F112/30*T112 -> 0 | W112: =+H112/30*V112 -> 0 | Y112: =+F112/30*X112*1 -> 0 | AA112: =+(F112/30*Z112)*0.25 -> 0 | AC112: =AB112*11% -> 0 | AF112: =+AE112+AD112+Y112+U112+R112+Q112+AA112+S112+W112+AC112 -> 60 | AG112: =+O112-AF112 -> -60
A114: الكود | B114: الاسم | C114: الفرع | D114: الوظيفة | E114: ساعات العمل | F114: الراتب | G114: الاستحقاق | P114: الاستقطاع | AF114: اجمالى الاستقطاع | AG114: صافى الراتب | AH114: ملاحظات
G115: ايام العمل | H115: قيمة ايام العمل | I115: الاضافى بالساعات | J115: قيمة الاضافى | K115: بدل اجازات | L115: قيمة بدل الاجازات | M115: مكافأة | N115: اخرى | O115: اجمالى الاستحقاق | P115: ساعات التاخير | Q115: قيمة ساعات التأخير | R115: سلف | S115: سلفة مرحله | T115: جزاء ادارى | U115: قيمة الجزاء الادارى | V115: جزاء البصمه | W115: قيمة جزاء البصمه | X115: غياب بدون اذن | Y115: جزاء غياب بدون اذن | Z115: المرضى | AA115: قيمة المرضى | AB115: الراتب التاميني | AC115: تأمينات وضرائب | AD115: الانحرافات | AE115: عجز منتجات& عهدة
A116: =+'فرع الاردنية'!A32 -> 0 | B116: =+'فرع الاردنية'!B32 -> 0 | C116: =+'فرع الاردنية'!C32 -> 0 | D116: =+'فرع الاردنية'!D32 -> 0 | E116: =+'فرع الاردنية'!E32 -> 0 | F116: =+'فرع الاردنية'!F32 -> 0 | G116: =+'فرع الاردنية'!G32 -> 0 | H116: =+'فرع الاردنية'!H32 -> 0 | ... AH116: =+'فرع الاردنية'!AH32 -> 0
A118: الكود | B118: الاسم | C118: الفرع | D118: الوظيفة | E118: ساعات العمل | F118: الراتب | G118: الاستحقاق | P118: الاستقطاع | AF118: اجمالى الاستقطاع | AG118: صافى الراتب | AH118: ملاحظات
G119: ايام العمل | H119: قيمة ايام العمل | I119: الاضافى بالساعات | J119: قيمة الاضافى | K119: بدل اجازات | L119: قيمة بدل الاجازات | M119: مكافأة | N119: اخرى | O119: اجمالى الاستحقاق | P119: ساعات التاخير | Q119: قيمة ساعات التأخير | R119: سلف | S119: سلفة مرحله | T119: جزاء ادارى | U119: قيمة الجزاء الادارى | V119: جزاء البصمه | W119: قيمة جزاء البصمه | X119: غياب بدون اذن | Y119: جزاء غياب بدون اذن | Z119: المرضى | AA119: قيمة المرضى | AB119: الراتب التاميني | AC119: تأمينات وضرائب | AD119: الانحرافات | AE119: عجز منتجات& عهدة
A120: =+'فرع الاردنية'!A33 -> 0 | B120: =+'فرع الاردنية'!B33 -> 0 | C120: =+'فرع الاردنية'!C33 -> 0 | D120: =+'فرع الاردنية'!D33 -> 0 | E120: =+'فرع الاردنية'!E33 -> 0 | F120: =+'فرع الاردنية'!F33 -> 0 | G120: =+'فرع الاردنية'!G33 -> 0 | H120: =+'فرع الاردنية'!H33 -> 0 | ... AH120: =+'فرع الاردنية'!AH33 -> 0
A122: الكود | B122: الاسم | C122: الفرع | D122: الوظيفة | E122: ساعات العمل | F122: الراتب | G122: الاستحقاق | P122: الاستقطاع | AF122: اجمالى الاستقطاع | AG122: صافى الراتب | AH122: ملاحظات
G123: ايام العمل | H123: قيمة ايام العمل | I123: الاضافى بالساعات | J123: قيمة الاضافى | K123: بدل اجازات | L123: قيمة بدل الاجازات | M123: مكافأة | N123: اخرى | O123: اجمالى الاستحقاق | P123: ساعات التاخير | Q123: قيمة ساعات التأخير | R123: سلف | S123: سلفة مرحله | T123: جزاء ادارى | U123: قيمة الجزاء الادارى | V123: جزاء البصمه | W123: قيمة جزاء البصمه | X123: غياب بدون اذن | Y123: جزاء غياب بدون اذن | Z123: المرضى | AA123: قيمة المرضى | AB123: الراتب التاميني | AC123: تأمينات وضرائب | AD123: الانحرافات | AE123: عجز منتجات& عهدة
A124: =+'فرع الاردنية'!A34 -> 0 | B124: =+'فرع الاردنية'!B34 -> 0 | C124: =+'فرع الاردنية'!C34 -> 0 | D124: =+'فرع الاردنية'!D34 -> 0 | E124: =+'فرع الاردنية'!E34 -> 0 | F124: =+'فرع الاردنية'!F34 -> 0 | G124: =+'فرع الاردنية'!G34 -> 0 | H124: =+'فرع الاردنية'!H34 -> 0 | ... AH124: =+'فرع الاردنية'!AH34 -> 0
A126: الكود | B126: الاسم | C126: الفرع | D126: الوظيفة | E126: ساعات العمل | F126: الراتب | G126: الاستحقاق | P126: الاستقطاع | AF126: اجمالى الاستقطاع | AG126: صافى الراتب | AH126: ملاحظات
G127: ايام العمل | H127: قيمة ايام العمل | I127: الاضافى بالساعات | J127: قيمة الاضافى | K127: بدل اجازات | L127: قيمة بدل الاجازات | M127: مكافأة | N127: اخرى | O127: اجمالى الاستحقاق | P127: ساعات التاخير | Q127: قيمة ساعات التأخير | R127: سلف | S127: سلفة مرحله | T127: جزاء ادارى | U127: قيمة الجزاء الادارى | V127: جزاء البصمه | W127: قيمة جزاء البصمه | X127: غياب بدون اذن | Y127: جزاء غياب بدون اذن | Z127: المرضى | AA127: قيمة المرضى | AB127: الراتب التاميني | AC127: تأمينات وضرائب | AD127: الانحرافات | AE127: عجز منتجات& عهدة
A128: =+'فرع الاردنية'!A35 -> 0 | B128: =+'فرع الاردنية'!B35 -> 0 | C128: =+'فرع الاردنية'!C35 -> 0 | D128: =+'فرع الاردنية'!D35 -> 0 | E128: =+'فرع الاردنية'!E35 -> 0 | F128: =+'فرع الاردنية'!F35 -> 0 | G128: =+'فرع الاردنية'!G35 -> 0 | H128: =+'فرع الاردنية'!H35 -> 0 | ... AH128: =+'فرع الاردنية'!AH35 -> 0
A130: الكود | B130: الاسم | C130: الفرع | D130: الوظيفة | E130: ساعات العمل | F130: الراتب | G130: الاستحقاق | P130: الاستقطاع | AF130: اجمالى الاستقطاع | AG130: صافى الراتب | AH130: ملاحظات
G131: ايام العمل | H131: قيمة ايام العمل | I131: الاضافى بالساعات | J131: قيمة الاضافى | K131: بدل اجازات | L131: قيمة بدل الاجازات | M131: مكافأة | N131: اخرى | O131: اجمالى الاستحقاق | P131: ساعات التاخير | Q131: قيمة ساعات التأخير | R131: سلف | S131: سلفة مرحله | T131: جزاء ادارى | U131: قيمة الجزاء الادارى | V131: جزاء البصمه | W131: قيمة جزاء البصمه | X131: غياب بدون اذن | Y131: جزاء غياب بدون اذن | Z131: المرضى | AA131: قيمة المرضى | AB131: الراتب التاميني | AC131: تأمينات وضرائب | AD131: الانحرافات | AE131: عجز منتجات& عهدة
A132: =+'فرع الاردنية'!A36 -> 0 | B132: =+'فرع الاردنية'!B36 -> 0 | C132: =+'فرع الاردنية'!C36 -> 0 | D132: =+'فرع الاردنية'!D36 -> 0 | E132: =+'فرع الاردنية'!E36 -> 0 | F132: =+'فرع الاردنية'!F36 -> 0 | G132: =+'فرع الاردنية'!G36 -> 0 | H132: =+'فرع الاردنية'!H36 -> 0 | ... AH132: =+'فرع الاردنية'!AH36 -> 0
A134: الكود | B134: الاسم | C134: الفرع | D134: الوظيفة | E134: ساعات العمل | F134: الراتب | G134: الاستحقاق | P134: الاستقطاع | AF134: اجمالى الاستقطاع | AG134: صافى الراتب | AH134: ملاحظات
...

Sheet فرع الرواد
A1: مرتبات الاردنيه عن شهر 1-2025
A2: الكود | B2: الاسم | C2: الفرع | D2: الوظيفة | E2: ساعات العمل | F2: الراتب | G2: الاستحقاق | P2: الاستقطاع | AF2: اجمالى الاستقطاع | AG2: صافى الراتب | AH2: ملاحظات
G3: ايام العمل | H3: قيمة ايام العمل | I3: الاضافى بالساعات | J3: قيمة الاضافى | K3: بدل اجازات | L3: قيمة بدل الاجازات | M3: مكافأة | N3: اخرى | O3: اجمالى الاستحقاق | P3: ساعات التاخير | Q3: قيمة ساعات التأخير | R3: سلف | S3: سلفة مرحله | T3: جزاء ادارى | U3: قيمة الجزاء الادارى | V3: جزاء البصمه | W3: قيمة جزاء البصمه | X3: غياب بدون اذن | Y3: جزاء غياب بدون اذن | Z3: المرضى | AA3: قيمة المرضى | AB3: الراتب التاميني | AC3: تأمينات وضرائب | AD3: الانحرافات | AE3: عجز منتجات& عهدة

Sheet شرايط قبض الرواد
A2: الكود | B2: الاسم | C2: الفرع | D2: الوظيفة | E2: ساعات العمل | F2: الراتب | P2: الاستقطاع | AF2: اجمالى الاستقطاع | AG2: صافى الراتب | AH2: ملاحظات
G3: ايام العمل | H3: قيمة ايام العمل | I3: الاضافى بالساعات | J3: قيمة الاضافى | K3: بدل اجازات | L3: قيمة بدل الاجازات | M3: مكافأة | N3: اخرى | O3: اجمالى الاستحقاق | P3: ساعات التاخير | Q3: قيمة ساعات التأخير | R3: سلف | S3: سلفة مرحله | T3: جزاء ادارى | U3: قيمة الجزاء الادارى | V3: جزاء البصمه | W3: قيمة جزاء البصمه | X3: غياب بدون اذن | Y3: جزاء غياب بدون اذن | Z3: المرضى | AA3: قيمة المرضى | AB3: الراتب التاميني | AC3: تأمينات وضرائب | AD3: الانحرافات | AE3: عجز منتجات& عهدة
A4: =+'فرع الرواد'!A4 -> 0 | B4: =+'فرع الرواد'!B4 -> 0 | C4: =+'فرع الرواد'!C4 -> 0 | D4: =+'فرع الرواد'!D4 -> 0 | E4: =+'فرع الرواد'!E4 -> 0 | F4: ='فرع الرواد'!F4 -> 0 | G4: ='فرع الرواد'!G4 -> 0 | H4: ='فرع الرواد'!H4 -> 0 | I4: ='فرع الرواد'!I4 -> 0 | J4: ='فرع الرواد'!J4 -> 0 | K4: ='فرع الرواد'!K4 -> 0 | L4: ='فرع الرواد'!L4 -> 0 | M4: ='فرع الرواد'!M4 -> 0 | ... AH4: ='فرع الرواد'!AH4 -> 0
A6: الكود | B6: الاسم | C6: الفرع | D6: الوظيفة | E6: ساعات العمل | F6: الراتب | G6: الاستحقاق | P6: الاستقطاع | AF6: اجمالى الاستقطاع | AG6: صافى الراتب | AH6: ملاحظات
G7: ايام العمل | H7: قيمة ايام العمل | I7: الاضافى بالساعات | J7: قيمة الاضافى | K7: بدل اجازات | L7: قيمة بدل الاجازات | M7: مكافأة | N7: اخرى | O7: اجمالى الاستحقاق | P7: ساعات التاخير | Q7: قيمة ساعات التأخير | R7: سلف | S7: سلفة مرحله | T7: جزاء ادارى | U7: قيمة الجزاء الادارى | V7: جزاء البصمه | W7: قيمة جزاء البصمه | X7: غياب بدون اذن | Y7: جزاء غياب بدون اذن | Z7: المرضى | AA7: قيمة المرضى | AB7: الراتب التاميني | AC7: تأمينات وضرائب | AD7: الانحرافات | AE7: عجز منتجات& عهدة
A8: =+'فرع الرواد'!A5 -> 0 | B8: =+'فرع الرواد'!B5 -> 0 | C8: =+'فرع الرواد'!C5 -> 0 | D8: =+'فرع الرواد'!D5 -> 0 | E8: =+'فرع الرواد'!E5 -> 0 | F8: =+'فرع الرواد'!F5 -> 0 | G8: =+'فرع الرواد'!G5 -> 0 | H8: =+'فرع الرواد'!H5 -> 0 | ... AH8: =+'فرع الرواد'!AH5 -> 0
A10: الكود | B10: الاسم | C10: الفرع | D10: الوظيفة | E10: ساعات العمل | F10: الراتب | G10: الاستحقاق | P10: الاستقطاع | AF10: اجمالى الاستقطاع | AG10: صافى الراتب | AH10: ملاحظات
G11: ايام العمل | H11: قيمة ايام العمل | I11: الاضافى بالساعات | J11: قيمة الاضافى | K11: بدل اجازات | L11: قيمة بدل الاجازات | M11: مكافأة | N11: اخرى | O11: اجمالى الاستحقاق | P11: ساعات التاخير | Q11: قيمة ساعات التأخير | R11: سلف | S11: سلفة مرحله | T11: جزاء ادارى | U11: قيمة الجزاء الادارى | V11: جزاء البصمه | W11: قيمة جزاء البصمه | X11: غياب بدون اذن | Y11: جزاء غياب بدون اذن | Z11: المرضى | AA11: قيمة المرضى | AB11: الراتب التاميني | AC11: تأمينات وضرائب | AD11: الانحرافات | AE11: عجز منتجات& عهدة
A12: =+'فرع الرواد'!A6 -> 0 | B12: =+'فرع الرواد'!B6 -> 0 | C12: =+'فرع الرواد'!C6 -> 0 | D12: =+'فرع الرواد'!D6 -> 0 | E12: =+'فرع الرواد'!E6 -> 0 | F12: =+'فرع الرواد'!F6 -> 0 | G12: =+'فرع الرواد'!G6 -> 0 | H12: =+'فرع الرواد'!H6 -> 0 | ... AH12: =+'فرع الرواد'!AH6 -> 0
A14: الكود | B14: الاسم | C14: الفرع | D14: الوظيفة | E14: ساعات العمل | F14: الراتب | G14: الاستحقاق | P14: الاستقطاع | AF14: اجمالى الاستقطاع | AG14: صافى الراتب | AH14: ملاحظات
G15: ايام العمل | H15: قيمة ايام العمل | I15: الاضافى بالساعات | J15: قيمة الاضافى | K15: بدل اجازات | L15: قيمة بدل الاجازات | M15: مكافأة | N15: اخرى | O15: اجمالى الاستحقاق | P15: ساعات التاخير | Q15: قيمة ساعات التأخير | R15: سلف | S15: سلفة مرحله | T15: جزاء ادارى | U15: قيمة الجزاء الادارى | V15: جزاء البصمه | W15: قيمة جزاء البصمه | X15: غياب بدون اذن | Y15: جزاء غياب بدون اذن | Z15: المرضى | AA15: قيمة المرضى | AB15: الراتب التاميني | AC15: تأمينات وضرائب | AD15: الانحرافات | AE15: عجز منتجات& عهدة
A16: =+'فرع الرواد'!A7 -> 0 | B16: =+'فرع الرواد'!B7 -> 0 | C16: =+'فرع الرواد'!C7 -> 0 | D16: =+'فرع الرواد'!D7 -> 0 | E16: =+'فرع الرواد'!E7 -> 0 | F16: =+'فرع الرواد'!F7 -> 0 | G16: =+'فرع الرواد'!G7 -> 0 | H16: =+'فرع الرواد'!H7 -> 0 | ... AH16: =+'فرع الرواد'!AH7 -> 0
A18: الكود | B18: الاسم | C18: الفرع | D18: الوظيفة | E18: ساعات العمل | F18: الراتب | G18: الاستحقاق | P18: الاستقطاع | AF18: اجمالى الاستقطاع | AG18: صافى الراتب | AH18: ملاحظات
G19: ايام العمل | H19: قيمة ايام العمل | I19: الاضافى بالساعات | J19: قيمة الاضافى | K19: بدل اجازات | L19: قيمة بدل الاجازات | M19: مكافأة | N19: اخرى | O19: اجمالى الاستحقاق | P19: ساعات التاخير | Q19: قيمة ساعات التأخير | R19: سلف | S19: سلفة مرحله | T19: جزاء ادارى | U19: قيمة الجزاء الادارى | V19: جزاء البصمه | W19: قيمة جزاء البصمه | X19: غياب بدون اذن | Y19: جزاء غياب بدون اذن | Z19: المرضى | AA19: قيمة المرضى | AB19: الراتب التاميني | AC19: تأمينات وضرائب | AD19: الانحرافات | AE19: عجز منتجات& عهدة
A20: =+'فرع الرواد'!A8 -> 0 | B20: =+'فرع الرواد'!B8 -> 0 | C20: =+'فرع الرواد'!C8 -> 0 | D20: =+'فرع الرواد'!D8 -> 0 | E20: =+'فرع الرواد'!E8 -> 0 | F20: =+'فرع الرواد'!F8 -> 0 | G20: =+'فرع الرواد'!G8 -> 0 | H20: =+'فرع الرواد'!H8 -> 0 | ... AH20: =+'فرع الرواد'!AH8 -> 0
A22: الكود | B22: الاسم | C22: الفرع | D22: الوظيفة | E22: ساعات العمل | F22: الراتب | G22: الاستحقاق | P22: الاستقطاع | AF22: اجمالى الاستقطاع | AG22: صافى الراتب | AH22: ملاحظات
G23: ايام العمل | H23: قيمة ايام العمل | I23: الاضافى بالساعات | J23: قيمة الاضافى | K23: بدل اجازات | L23: قيمة بدل الاجازات | M23: مكافأة | N23: اخرى | O23: اجمالى الاستحقاق | P23: ساعات التاخير | Q23: قيمة ساعات التأخير | R23: سلف | S23: سلفة مرحله | T23: جزاء ادارى | U23: قيمة الجزاء الادارى | V23: جزاء البصمه | W23: قيمة جزاء البصمه | X23: غياب بدون اذن | Y23: جزاء غياب بدون اذن | Z23: المرضى | AA23: قيمة المرضى | AB23: الراتب التاميني | AC23: تأمينات وضرائب | AD23: الانحرافات | AE23: عجز منتجات& عهدة
A24: =+'فرع الرواد'!A9 -> 0 | B24: =+'فرع الرواد'!B9 -> 0 | C24: =+'فرع الرواد'!C9 -> 0 | D24: =+'فرع الرواد'!D9 -> 0 | E24: =+'فرع الرواد'!E9 -> 0 | F24: =+'فرع الرواد'!F9 -> 0 | G24: =+'فرع الرواد'!G9 -> 0 | H24: =+'فرع الرواد'!H9 -> 0 | ... AH24: =+'فرع الرواد'!AH9 -> 0
A26: الكود | B26: الاسم | C26: الفرع | D26: الوظيفة | E26: ساعات العمل | F26: الراتب | G26: الاستحقاق | P26: الاستقطاع | AF26: اجمالى الاستقطاع | AG26: صافى الراتب | AH26: ملاحظات
G27: ايام العمل | H27: قيمة ايام العمل | I27: الاضافى بالساعات | J27: قيمة الاضافى | K27: بدل اجازات | L27: قيمة بدل الاجازات | M27: مكافأة | N27: اخرى | O27: اجمالى الاستحقاق | P27: ساعات التاخير | Q27: قيمة ساعات التأخير | R27: سلف | S27: سلفة مرحله | T27: جزاء ادارى | U27: قيمة الجزاء الادارى | V27: جزاء البصمه | W27: قيمة جزاء البصمه | X27: غياب بدون اذن | Y27: جزاء غياب بدون اذن | Z27: المرضى | AA27: قيمة المرضى | AB27: الراتب التاميني | AC27: تأمينات وضرائب | AD27: الانحرافات | AE27: عجز منتجات& عهدة
A28: =+'فرع الرواد'!A10 -> 0 | B28: =+'فرع الرواد'!B10 -> 0 | C28: =+'فرع الرواد'!C10 -> 0 | D28: =+'فرع الرواد'!D10 -> 0 | E28: =+'فرع الرواد'!E10 -> 0 | F28: =+'فرع الرواد'!F10 -> 0 | G28: =+'فرع الرواد'!G10 -> 0 | H28: =+'فرع الرواد'!H10 -> 0 | ... AH28: =+'فرع الرواد'!AH10 -> 0
A30: الكود | B30: الاسم | C30: الفرع | D30: الوظيفة | E30: ساعات العمل | F30: الراتب | G30: الاستحقاق | P30: الاستقطاع | AF30: اجمالى الاستقطاع | AG30: صافى الراتب | AH30: ملاحظات
G31: ايام العمل | H31: قيمة ايام العمل | I31: الاضافى بالساعات | J31: قيمة الاضافى | K31: بدل اجازات | L31: قيمة بدل الاجازات | M31: مكافأة | N31: اخرى | O31: اجمالى الاستحقاق | P31: ساعات التاخير | Q31: قيمة ساعات التأخير | R31: سلف | S31: سلفة مرحله | T31: جزاء ادارى | U31: قيمة الجزاء الادارى | V31: جزاء البصمه | W31: قيمة جزاء البصمه | X31: غياب بدون اذن | Y31: جزاء غياب بدون اذن | Z31: المرضى | AA31: قيمة المرضى | AB31: الراتب التاميني | AC31: تأمينات وضرائب | AD31: الانحرافات | AE31: عجز منتجات& عهدة
A32: =+'فرع الرواد'!A11 -> 0 | B32: =+'فرع الرواد'!B11 -> 0 | C32: =+'فرع الرواد'!C11 -> 0 | D32: =+'فرع الرواد'!D11 -> 0 | E32: =+'فرع الرواد'!E11 -> 0 | F32: =+'فرع الرواد'!F11 -> 0 | G32: =+'فرع الرواد'!G11 -> 0 | H32: =+'فرع الرواد'!H11 -> 0 | ... AH32: =+'فرع الرواد'!AH11 -> 0
A34: الكود | B34: الاسم | C34: الفرع | D34: الوظيفة | E34: ساعات العمل | F34: الراتب | G34: الاستحقاق | P34: الاستقطاع | AF34: اجمالى الاستقطاع | AG34: صافى الراتب | AH34: ملاحظات
G35: ايام العمل | H35: قيمة ايام العمل | I35: الاضافى بالساعات | J35: قيمة الاضافى | K35: بدل اجازات | L35: قيمة بدل الاجازات | M35: مكافأة | N35: اخرى | O35: اجمالى الاستحقاق | P35: ساعات التاخير | Q35: قيمة ساعات التأخير | R35: سلف | S35: سلفة مرحله | T35: جزاء ادارى | U35: قيمة الجزاء الادارى | V35: جزاء البصمه | W35: قيمة جزاء البصمه | X35: غياب بدون اذن | Y35: جزاء غياب بدون اذن | Z35: المرضى | AA35: قيمة المرضى | AB35: الراتب التاميني | AC35: تأمينات وضرائب | AD35: الانحرافات | AE35: عجز منتجات& عهدة
A36: =+'فرع الرواد'!A12 -> 0 | B36: =+'فرع الرواد'!B12 -> 0 | C36: =+'فرع الرواد'!C12 -> 0 | D36: =+'فرع الرواد'!D12 -> 0 | E36: =+'فرع الرواد'!E12 -> 0 | F36: =+'فرع الرواد'!F12 -> 0 | G36: =+'فرع الرواد'!G12 -> 0 | H36: =+'فرع الرواد'!H12 -> 0 | ... AH36: =+'فرع الرواد'!AH12 -> 0
A38: الكود | B38: الاسم | C38: الفرع | D38: الوظيفة | E38: ساعات العمل | F38: الراتب | G38: الاستحقاق | P38: الاستقطاع | AF38: اجمالى الاستقطاع | AG38: صافى الراتب | AH38: ملاحظات
G39: ايام العمل | H39: قيمة ايام العمل | I39: الاضافى بالساعات | J39: قيمة الاضافى | K39: بدل اجازات | L39: قيمة بدل الاجازات | M39: مكافأة | N39: اخرى | O39: اجمالى الاستحقاق | P39: ساعات التاخير | Q39: قيمة ساعات التأخير | R39: سلف | S39: سلفة مرحله | T39: جزاء ادارى | U39: قيمة الجزاء الادارى | V39: جزاء البصمه | W39: قيمة جزاء البصمه | X39: غياب بدون اذن | Y39: جزاء غياب بدون اذن | Z39: المرضى | AA39: قيمة المرضى | AB39: الراتب التاميني | AC39: تأمينات وضرائب | AD39: الانحرافات | AE39: عجز منتجات& عهدة
A40: =+'فرع الرواد'!A13 -> 0 | B40: =+'فرع الرواد'!B13 -> 0 | C40: =+'فرع الرواد'!C13 -> 0 | D40: =+'فرع الرواد'!D13 -> 0 | E40: =+'فرع الرواد'!E13 -> 0 | F40: =+'فرع الرواد'!F13 -> 0 | G40: =+'فرع الرواد'!G13 -> 0 | H40: =+'فرع الرواد'!H13 -> 0 | ... AH40: =+'فرع الرواد'!AH13 -> 0
A42: الكود | B42: الاسم | C42: الفرع | D42: الوظيفة | E42: ساعات العمل | F42: الراتب | G42: الاستحقاق | P42: الاستقطاع | AF42: اجمالى الاستقطاع | AG42: صافى الراتب | AH42: ملاحظات
G43: ايام العمل | H43: قيمة ايام العمل | I43: الاضافى بالساعات | J43: قيمة الاضافى | K43: بدل اجازات | L43: قيمة بدل الاجازات | M43: مكافأة | N43: اخرى | O43: اجمالى الاستحقاق | P43: ساعات التاخير | Q43: قيمة ساعات التأخير | R43: سلف | S43: سلفة مرحله | T43: جزاء ادارى | U43: قيمة الجزاء الادارى | V43: جزاء البصمه | W43: قيمة جزاء البصمه | X43: غياب بدون اذن | Y43: جزاء غياب بدون اذن | Z43: المرضى | AA43: قيمة المرضى | AB43: الراتب التاميني | AC43: تأمينات وضرائب | AD43: الانحرافات | AE43: عجز منتجات& عهدة
A44: =+'فرع الرواد'!A14 -> 0 | B44: =+'فرع الرواد'!B14 -> 0 | C44: =+'فرع الرواد'!C14 -> 0 | D44: =+'فرع الرواد'!D14 -> 0 | E44: =+'فرع الرواد'!E14 -> 0 | F44: =+'فرع الرواد'!F14 -> 0 | G44: =+'فرع الرواد'!G14 -> 0 | H44: =+'فرع الرواد'!H14 -> 0 | ... AH44: =+'فرع الرواد'!AH14 -> 0
A46: الكود | B46: الاسم | C46: الفرع | D46: الوظيفة | E46: ساعات العمل | F46: الراتب | G46: الاستحقاق | P46: الاستقطاع | AF46: اجمالى الاستقطاع | AG46: صافى الراتب | AH46: ملاحظات
G47: ايام العمل | H47: قيمة ايام العمل | I47: الاضافى بالساعات | J47: قيمة الاضافى | K47: بدل اجازات | L47: قيمة بدل الاجازات | M47: مكافأة | N47: اخرى | O47: اجمالى الاستحقاق | P47: ساعات التاخير | Q47: قيمة ساعات التأخير | R47: سلف | S47: سلفة مرحله | T47: جزاء ادارى | U47: قيمة الجزاء الادارى | V47: جزاء البصمه | W47: قيمة جزاء البصمه | X47: غياب بدون اذن | Y47: جزاء غياب بدون اذن | Z47: المرضى | AA47: قيمة المرضى | AB47: الراتب التاميني | AC47: تأمينات وضرائب | AD47: الانحرافات | AE47: عجز منتجات& عهدة
A48: =+'فرع الرواد'!A15 -> 0 | B48: =+'فرع الرواد'!B15 -> 0 | C48: =+'فرع الرواد'!C15 -> 0 | D48: =+'فرع الرواد'!D15 -> 0 | E48: =+'فرع الرواد'!E15 -> 0 | F48: =+'فرع الرواد'!F15 -> 0 | G48: =+'فرع الرواد'!G15 -> 0 | H48: =+'فرع الرواد'!H15 -> 0 | ... AH48: =+'فرع الرواد'!AH15 -> 0
A50: الكود | B50: الاسم | C50: الفرع | D50: الوظيفة | E50: ساعات العمل | F50: الراتب | G50: الاستحقاق | P50: الاستقطاع | AF50: اجمالى الاستقطاع | AG50: صافى الراتب | AH50: ملاحظات
G51: ايام العمل | H51: قيمة ايام العمل | I51: الاضافى بالساعات | J51: قيمة الاضافى | K51: بدل اجازات | L51: قيمة بدل الاجازات | M51: مكافأة | N51: اخرى | O51: اجمالى الاستحقاق | P51: ساعات التاخير | Q51: قيمة ساعات التأخير | R51: سلف | S51: سلفة مرحله | T51: جزاء ادارى | U51: قيمة الجزاء الادارى | V51: جزاء البصمه | W51: قيمة جزاء البصمه | X51: غياب بدون اذن | Y51: جزاء غياب بدون اذن | Z51: المرضى | AA51: قيمة المرضى | AB51: الراتب التاميني | AC51: تأمينات وضرائب | AD51: الانحرافات | AE51: عجز منتجات& عهدة
A52: =+'فرع الرواد'!A16 -> 0 | B52: =+'فرع الرواد'!B16 -> 0 | C52: =+'فرع الرواد'!C16 -> 0 | D52: =+'فرع الرواد'!D16 -> 0 | E52: =+'فرع الرواد'!E16 -> 0 | F52: =+'فرع الرواد'!F16 -> 0 | G52: =+'فرع الرواد'!G16 -> 0 | H52: =+'فرع الرواد'!H16 -> 0 | ... AH52: =+'فرع الرواد'!AH16 -> 0
A54: الكود | B54: الاسم | C54: الفرع | D54: الوظيفة | E54: ساعات العمل | F54: الراتب | G54: الاستحقاق | P54: الاستقطاع | AF54: اجمالى الاستقطاع | AG54: صافى الراتب | AH54: ملاحظات
G55: ايام العمل | H55: قيمة ايام العمل | I55: الاضافى بالساعات | J55: قيمة الاضافى | K55: بدل اجازات | L55: قيمة بدل الاجازات | M55: مكافأة | N55: اخرى | O55: اجمالى الاستحقاق | P55: ساعات التاخير | Q55: قيمة ساعات التأخير | R55: سلف | S55: سلفة مرحله | T55: جزاء ادارى | U55: قيمة الجزاء الادارى | V55: جزاء البصمه | W55: قيمة جزاء البصمه | X55: غياب بدون اذن | Y55: جزاء غياب بدون اذن | Z55: المرضى | AA55: قيمة المرضى | AB55: الراتب التاميني | AC55: تأمينات وضرائب | AD55: الانحرافات | AE55: عجز منتجات& عهدة
A56: =+'فرع الرواد'!A17 -> 0 | B56: =+'فرع الرواد'!B17 -> 0 | C56: =+'فرع الرواد'!C17 -> 0 | D56: =+'فرع الرواد'!D17 -> 0 | E56: =+'فرع الرواد'!E17 -> 0 | F56: =+'فرع الرواد'!F17 -> 0 | G56: =+'فرع الرواد'!G17 -> 0 | H56: =+'فرع الرواد'!H17 -> 0 | ... AH56: =+'فرع الرواد'!AH17 -> 0
A58: الكود | B58: الاسم | C58: الفرع | D58: الوظيفة | E58: ساعات العمل | F58: الراتب | G58: الاستحقاق | P58: الاستقطاع | AF58: اجمالى الاستقطاع | AG58: صافى الراتب | AH58: ملاحظات
G59: ايام العمل | H59: قيمة ايام العمل | I59: الاضافى بالساعات | J59: قيمة الاضافى | K59: بدل اجازات | L59: قيمة بدل الاجازات | M59: مكافأة | N59: اخرى | O59: اجمالى الاستحقاق | P59: ساعات التاخير | Q59: قيمة ساعات التأخير | R59: سلف | S59: سلفة مرحله | T59: جزاء ادارى | U59: قيمة الجزاء الادارى | V59: جزاء البصمه | W59: قيمة جزاء البصمه | X59: غياب بدون اذن | Y59: جزاء غياب بدون اذن | Z59: المرضى | AA59: قيمة المرضى | AB59: الراتب التاميني | AC59: تأمينات وضرائب | AD59: الانحرافات | AE59: عجز منتجات& عهدة
A60: =+'فرع الرواد'!A18 -> 0 | B60: =+'فرع الرواد'!B18 -> 0 | C60: =+'فرع الرواد'!C18 -> 0 | D60: =+'فرع الرواد'!D18 -> 0 | E60: =+'فرع الرواد'!E18 -> 0 | F60: =+'فرع الرواد'!F18 -> 0 | G60: =+'فرع الرواد'!G18 -> 0 | H60: =+'فرع الرواد'!H18 -> 0 | ... AH60: =+'فرع الرواد'!AH18 -> 0
A62: الكود | B62: الاسم | C62: الفرع | D62: الوظيفة | E62: ساعات العمل | F62: الراتب | G62: الاستحقاق | P62: الاستقطاع | AF62: اجمالى الاستقطاع | AG62: صافى الراتب | AH62: ملاحظات
G63: ايام العمل | H63: قيمة ايام العمل | I63: الاضافى بالساعات | J63: قيمة الاضافى | K63: بدل اجازات | L63: قيمة بدل الاجازات | M63: مكافأة | N63: اخرى | O63: اجمالى الاستحقاق | P63: ساعات التاخير | Q63: قيمة ساعات التأخير | R63: سلف | S63: سلفة مرحله | T63: جزاء ادارى | U63: قيمة الجزاء الادارى | V63: جزاء البصمه | W63: قيمة جزاء البصمه | X63: غياب بدون اذن | Y63: جزاء غياب بدون اذن | Z63: المرضى | AA63: قيمة المرضى | AB63: الراتب التاميني | AC63: تأمينات وضرائب | AD63: الانحرافات | AE63: عجز منتجات& عهدة
A64: =+'فرع الرواد'!A19 -> 0 | B64: =+'فرع الرواد'!B19 -> 0 | C64: =+'فرع الرواد'!C19 -> 0 | D64: =+'فرع الرواد'!D19 -> 0 | E64: =+'فرع الرواد'!E19 -> 0 | F64: =+'فرع الرواد'!F19 -> 0 | G64: =+'فرع الرواد'!G19 -> 0 | H64: =+'فرع الرواد'!H19 -> 0 | ... AH64: =+'فرع الرواد'!AH19 -> 0
A66: الكود | B66: الاسم | C66: الفرع | D66: الوظيفة | E66: ساعات العمل | F66: الراتب | G66: الاستحقاق | P66: الاستقطاع | AF66: اجمالى الاستقطاع | AG66: صافى الراتب | AH66: ملاحظات
G67: ايام العمل | H67: قيمة ايام العمل | I67: الاضافى بالساعات | J67: قيمة الاضافى | K67: بدل اجازات | L67: قيمة بدل الاجازات | M67: مكافأة | N67: اخرى | O67: اجمالى الاستحقاق | P67: ساعات التاخير | Q67: قيمة ساعات التأخير | R67: سلف | S67: سلفة مرحله | T67: جزاء ادارى | U67: قيمة الجزاء الادارى | V67: جزاء البصمه | W67: قيمة جزاء البصمه | X67: غياب بدون اذن | Y67: جزاء غياب بدون اذن | Z67: المرضى | AA67: قيمة المرضى | AB67: الراتب التاميني | AC67: تأمينات وضرائب | AD67: الانحرافات | AE67: عجز منتجات& عهدة
A68: =+'فرع الرواد'!A20 -> 0 | B68: =+'فرع الرواد'!B20 -> 0 | C68: =+'فرع الرواد'!C20 -> 0 | D68: =+'فرع الرواد'!D20 -> 0 | E68: =+'فرع الرواد'!E20 -> 0 | F68: =+'فرع الرواد'!F20 -> 0 | G68: =+'فرع الرواد'!G20 -> 0 | H68: =+'فرع الرواد'!H20 -> 0 | ... AH68: =+'فرع الرواد'!AH20 -> 0
A70: الكود | B70: الاسم | C70: الفرع | D70: الوظيفة | E70: ساعات العمل | F70: الراتب | G70: الاستحقاق | P70: الاستقطاع | AF70: اجمالى الاستقطاع | AG70: صافى الراتب | AH70: ملاحظات
G71: ايام العمل | H71: قيمة ايام العمل | I71: الاضافى بالساعات | J71: قيمة الاضافى | K71: بدل اجازات | L71: قيمة بدل الاجازات | M71: مكافأة | N71: اخرى | O71: اجمالى الاستحقاق | P71: ساعات التاخير | Q71: قيمة ساعات التأخير | R71: سلف | S71: سلفة مرحله | T71: جزاء ادارى | U71: قيمة الجزاء الادارى | V71: جزاء البصمه | W71: قيمة جزاء البصمه | X71: غياب بدون اذن | Y71: جزاء غياب بدون اذن | Z71: المرضى | AA71: قيمة المرضى | AB71: الراتب التاميني | AC71: تأمينات وضرائب | AD71: الانحرافات | AE71: عجز منتجات& عهدة
A72: =+'فرع الرواد'!A21 -> 0 | B72: =+'فرع الرواد'!B21 -> 0 | C72: =+'فرع الرواد'!C21 -> 0 | D72: =+'فرع الرواد'!D21 -> 0 | E72: =+'فرع الرواد'!E21 -> 0 | F72: =+'فرع الرواد'!F21 -> 0 | G72: =+'فرع الرواد'!G21 -> 0 | H72: =+'فرع الرواد'!H21 -> 0 | ... AH72: =+'فرع الرواد'!AH21 -> 0
A74: الكود | B74: الاسم | C74: الفرع | D74: الوظيفة | E74: ساعات العمل | F74: الراتب | G74: الاستحقاق | P74: الاستقطاع | AF74: اجمالى الاستقطاع | AG74: صافى الراتب | AH74: ملاحظات
G75: ايام العمل | H75: قيمة ايام العمل | I75: الاضافى بالساعات | J75: قيمة الاضافى | K75: بدل اجازات | L75: قيمة بدل الاجازات | M75: مكافأة | N75: اخرى | O75: اجمالى الاستحقاق | P75: ساعات التاخير | Q75: قيمة ساعات التأخير | R75: سلف | S75: سلفة مرحله | T75: جزاء ادارى | U75: قيمة الجزاء الادارى | V75: جزاء البصمه | W75: قيمة جزاء البصمه | X75: غياب بدون اذن | Y75: جزاء غياب بدون اذن | Z75: المرضى | AA75: قيمة المرضى | AB75: الراتب التاميني | AC75: تأمينات وضرائب | AD75: الانحرافات | AE75: عجز منتجات& عهدة
A76: =+'فرع الرواد'!A22 -> 0 | B76: =+'فرع الرواد'!B22 -> 0 | C76: =+'فرع الرواد'!C22 -> 0 | D76: =+'فرع الرواد'!D22 -> 0 | E76: =+'فرع الرواد'!E22 -> 0 | F76: =+'فرع الرواد'!F22 -> 0 | G76: =+'فرع الرواد'!G22 -> 0 | H76: =+'فرع الرواد'!H22 -> 0 | ... AH76: =+'فرع الرواد'!AH22 -> 0
A78: الكود | B78: الاسم | C78: الفرع | D78: الوظيفة | E78: ساعات العمل | F78: الراتب | G78: الاستحقاق | P78: الاستقطاع | AF78: اجمالى الاستقطاع | AG78: صافى الراتب | AH78: ملاحظات
G79: ايام العمل | H79: قيمة ايام العمل | I79: الاضافى بالساعات | J79: قيمة الاضافى | K79: بدل اجازات | L79: قيمة بدل الاجازات | M79: مكافأة | N79: اخرى | O79: اجمالى الاستحقاق | P79: ساعات التاخير | Q79: قيمة ساعات التأخير | R79: سلف | S79: سلفة مرحله | T79: جزاء ادارى | U79: قيمة الجزاء الادارى | V79: جزاء البصمه | W79: قيمة جزاء البصمه | X79: غياب بدون اذن | Y79: جزاء غياب بدون اذن | Z79: المرضى | AA79: قيمة المرضى | AB79: الراتب التاميني | AC79: تأمينات وضرائب | AD79: الانحرافات | AE79: عجز منتجات& عهدة
A80: =+'فرع الرواد'!A23 -> 0 | B80: =+'فرع الرواد'!B23 -> 0 | C80: =+'فرع الرواد'!C23 -> 0 | D80: =+'فرع الرواد'!D23 -> 0 | E80: =+'فرع الرواد'!E23 -> 0 | F80: =+'فرع الرواد'!F23 -> 0 | G80: =+'فرع الرواد'!G23 -> 0 | H80: =+'فرع الرواد'!H23 -> 0 | ... AH80: =+'فرع الرواد'!AH23 -> 0
A82: الكود | B82: الاسم | C82: الفرع | D82: الوظيفة | E82: ساعات العمل | F82: الراتب | G82: الاستحقاق | P82: الاستقطاع | AF82: اجمالى الاستقطاع | AG82: صافى الراتب | AH82: ملاحظات
G83: ايام العمل | H83: قيمة ايام العمل | I83: الاضافى بالساعات | J83: قيمة الاضافى | K83: بدل اجازات | L83: قيمة بدل الاجازات | M83: مكافأة | N83: اخرى | O83: اجمالى الاستحقاق | P83: ساعات التاخير | Q83: قيمة ساعات التأخير | R83: سلف | S83: سلفة مرحله | T83: جزاء ادارى | U83: قيمة الجزاء الادارى | V83: جزاء البصمه | W83: قيمة جزاء البصمه | X83: غياب بدون اذن | Y83: جزاء غياب بدون اذن | Z83: المرضى | AA83: قيمة المرضى | AB83: الراتب التاميني | AC83: تأمينات وضرائب | AD83: الانحرافات | AE83: عجز منتجات& عهدة
A84: =+'فرع الرواد'!A24 -> 0 | B84: =+'فرع الرواد'!B24 -> 0 | C84: =+'فرع الرواد'!C24 -> 0 | D84: =+'فرع الرواد'!D24 -> 0 | E84: =+'فرع الرواد'!E24 -> 0 | F84: =+'فرع الرواد'!F24 -> 0 | G84: =+'فرع الرواد'!G24 -> 0 | H84: =+'فرع الرواد'!H24 -> 0 | ... AH84: =+'فرع الرواد'!AH24 -> 0
A86: الكود | B86: الاسم | C86: الفرع | D86: الوظيفة | E86: ساعات العمل | F86: الراتب | G86: الاستحقاق | P86: الاستقطاع | AF86: اجمالى الاستقطاع | AG86: صافى الراتب | AH86: ملاحظات
G87: ايام العمل | H87: قيمة ايام العمل | I87: الاضافى بالساعات | J87: قيمة الاضافى | K87: بدل اجازات | L87: قيمة بدل الاجازات | M87: مكافأة | N87: اخرى | O87: اجمالى الاستحقاق | P87: ساعات التاخير | Q87: قيمة ساعات التأخير | R87: سلف | S87: سلفة مرحله | T87: جزاء ادارى | U87: قيمة الجزاء الادارى | V87: جزاء البصمه | W87: قيمة جزاء البصمه | X87: غياب بدون اذن | Y87: جزاء غياب بدون اذن | Z87: المرضى | AA87: قيمة المرضى | AB87: الراتب التاميني | AC87: تأمينات وضرائب | AD87: الانحرافات | AE87: عجز منتجات& عهدة
A88: =+'فرع الرواد'!A25 -> 0 | B88: =+'فرع الرواد'!B25 -> 0 | C88: =+'فرع الرواد'!C25 -> 0 | D88: =+'فرع الرواد'!D25 -> 0 | E88: =+'فرع الرواد'!E25 -> 0 | F88: =+'فرع الرواد'!F25 -> 0 | G88: =+'فرع الرواد'!G25 -> 0 | H88: =+'فرع الرواد'!H25 -> 0 | ... AH88: =+'فرع الرواد'!AH25 -> 0
A90: الكود | B90: الاسم | C90: الفرع | D90: الوظيفة | E90: ساعات العمل | F90: الراتب | G90: الاستحقاق | P90: الاستقطاع | AF90: اجمالى الاستقطاع | AG90: صافى الراتب | AH90: ملاحظات
G91: ايام العمل | H91: قيمة ايام العمل | I91: الاضافى بالساعات | J91: قيمة الاضافى | K91: بدل اجازات | L91: قيمة بدل الاجازات | M91: مكافأة | N91: اخرى | O91: اجمالى الاستحقاق | P91: ساعات التاخير | Q91: قيمة ساعات التأخير | R91: سلف | S91: سلفة مرحله | T91: جزاء ادارى | U91: قيمة الجزاء الادارى | V91: جزاء البصمه | W91: قيمة جزاء البصمه | X91: غياب بدون اذن | Y91: جزاء غياب بدون اذن | Z91: المرضى | AA91: قيمة المرضى | AB91: الراتب التاميني | AC91: تأمينات وضرائب | AD91: الانحرافات | AE91: عجز منتجات& عهدة
A92: =+'فرع الرواد'!A26 -> 0 | B92: =+'فرع الرواد'!B26 -> 0 | C92: =+'فرع الرواد'!C26 -> 0 | D92: =+'فرع الرواد'!D26 -> 0 | E92: =+'فرع الرواد'!E26 -> 0 | F92: =+'فرع الرواد'!F26 -> 0 | G92: =+'فرع الرواد'!G26 -> 0 | H92: =+'فرع الرواد'!H26 -> 0 | ... AH92: =+'فرع الرواد'!AH26 -> 0
A94: الكود | B94: الاسم | C94: الفرع | D94: الوظيفة | E94: ساعات العمل | F94: الراتب | G94: الاستحقاق | P94: الاستقطاع | AF94: اجمالى الاستقطاع | AG94: صافى الراتب | AH94: ملاحظات
G95: ايام العمل | H95: قيمة ايام العمل | I95: الاضافى بالساعات | J95: قيمة الاضافى | K95: بدل اجازات | L95: قيمة بدل الاجازات | M95: مكافأة | N95: اخرى | O95: اجمالى الاستحقاق | P95: ساعات التاخير | Q95: قيمة ساعات التأخير | R95: سلف | S95: سلفة مرحله | T95: جزاء ادارى | U95: قيمة الجزاء الادارى | V95: جزاء البصمه | W95: قيمة جزاء البصمه | X95: غياب بدون اذن | Y95: جزاء غياب بدون اذن | Z95: المرضى | AA95: قيمة المرضى | AB95: الراتب التاميني | AC95: تأمينات وضرائب | AD95: الانحرافات | AE95: عجز منتجات& عهدة
A96: =+'فرع الرواد'!A27 -> 0 | B96: =+'فرع الرواد'!B27 -> 0 | C96: =+'فرع الرواد'!C27 -> 0 | D96: =+'فرع الرواد'!D27 -> 0 | E96: =+'فرع الرواد'!E27 -> 0 | F96: =+'فرع الرواد'!F27 -> 0 | G96: =+'فرع الرواد'!G27 -> 0 | H96: =+'فرع الرواد'!H27 -> 0 | ... AH96: =+'فرع الرواد'!AH27 -> 0
A98: الكود | B98: الاسم | C98: الفرع | D98: الوظيفة | E98: ساعات العمل | F98: الراتب | G98: الاستحقاق | P98: الاستقطاع | AF98: اجمالى الاستقطاع | AG98: صافى الراتب | AH98: ملاحظات
G99: ايام العمل | H99: قيمة ايام العمل | I99: الاضافى بالساعات | J99: قيمة الاضافى | K99: بدل اجازات | L99: قيمة بدل الاجازات | M99: مكافأة | N99: اخرى | O99: اجمالى الاستحقاق | P99: ساعات التاخير | Q99: قيمة ساعات التأخير | R99: سلف | S99: سلفة مرحله | T99: جزاء ادارى | U99: قيمة الجزاء الادارى | V99: جزاء البصمه | W99: قيمة جزاء البصمه | X99: غياب بدون اذن | Y99: جزاء غياب بدون اذن | Z99: المرضى | AA99: قيمة المرضى | AB99: الراتب التاميني | AC99: تأمينات وضرائب | AD99: الانحرافات | AE99: عجز منتجات& عهدة
A100: =+'فرع الرواد'!A28 -> 0 | B100: =+'فرع الرواد'!B28 -> 0 | C100: =+'فرع الرواد'!C28 -> 0 | D100: =+'فرع الرواد'!D28 -> 0 | E100: =+'فرع الرواد'!E28 -> 0 | F100: =+'فرع الرواد'!F28 -> 0 | G100: =+'فرع الرواد'!G28 -> 0 | H100: =+'فرع الرواد'!H28 -> 0 | ... AH100: =+'فرع الرواد'!AH28 -> 0
A102: الكود | B102: الاسم | C102: الفرع | D102: الوظيفة | E102: ساعات العمل | F102: الراتب | G102: الاستحقاق | P102: الاستقطاع | AF102: اجمالى الاستقطاع | AG102: صافى الراتب | AH102: ملاحظات
G103: ايام العمل | H103: قيمة ايام العمل | I103: الاضافى بالساعات | J103: قيمة الاضافى | K103: بدل اجازات | L103: قيمة بدل الاجازات | M103: مكافأة | N103: اخرى | O103: اجمالى الاستحقاق | P103: ساعات التاخير | Q103: قيمة ساعات التأخير | R103: سلف | S103: سلفة مرحله | T103: جزاء ادارى | U103: قيمة الجزاء الادارى | V103: جزاء البصمه | W103: قيمة جزاء البصمه | X103: غياب بدون اذن | Y103: جزاء غياب بدون اذن | Z103: المرضى | AA103: قيمة المرضى | AB103: الراتب التاميني | AC103: تأمينات وضرائب | AD103: الانحرافات | AE103: عجز منتجات& عهدة
A104: =+'فرع الرواد'!A29 -> 0 | B104: =+'فرع الرواد'!B29 -> 0 | C104: =+'فرع الرواد'!C29 -> 0 | D104: =+'فرع الرواد'!D29 -> 0 | E104: =+'فرع الرواد'!E29 -> 0 | F104: =+'فرع الرواد'!F29 -> 0 | G104: =+'فرع الرواد'!G29 -> 0 | H104: =+'فرع الرواد'!H29 -> 0 | ... AH104: =+'فرع الرواد'!AH29 -> 0
A106: الكود | B106: الاسم | C106: الفرع | D106: الوظيفة | E106: ساعات العمل | F106: الراتب | G106: الاستحقاق | P106: الاستقطاع | AF106: اجمالى الاستقطاع | AG106: صافى الراتب | AH106: ملاحظات
G107: ايام العمل | H107: قيمة ايام العمل | I107: الاضافى بالساعات | J107: قيمة الاضافى | K107: بدل اجازات | L107: قيمة بدل الاجازات | M107: مكافأة | N107: اخرى | O107: اجمالى الاستحقاق | P107: ساعات التاخير | Q107: قيمة ساعات التأخير | R107: سلف | S107: سلفة مرحله | T107: جزاء ادارى | U107: قيمة الجزاء الادارى | V107: جزاء البصمه | W107: قيمة جزاء البصمه | X107: غياب بدون اذن | Y107: جزاء غياب بدون اذن | Z107: المرضى | AA107: قيمة المرضى | AB107: الراتب التاميني | AC107: تأمينات وضرائب | AD107: الانحرافات | AE107: عجز منتجات& عهدة
A108: =+'فرع الرواد'!A30 -> 0 | B108: =+'فرع الرواد'!B30 -> 0 | C108: =+'فرع الرواد'!C30 -> 0 | D108: =+'فرع الرواد'!D30 -> 0 | E108: =+'فرع الرواد'!E30 -> 0 | F108: =+'فرع الرواد'!F30 -> 0 | G108: =+'فرع الرواد'!G30 -> 0 | H108: =+'فرع الرواد'!H30 -> 0 | ... AH108: =+'فرع الرواد'!AH30 -> 0
A110: الكود | B110: الاسم | C110: الفرع | D110: الوظيفة | E110: ساعات العمل | F110: الراتب | G110: الاستحقاق | P110: الاستقطاع | AF110: اجمالى الاستقطاع | AG110: صافى الراتب | AH110: ملاحظات
G111: ايام العمل | H111: قيمة ايام العمل | I111: الاضافى بالساعات | J111: قيمة الاضافى | K111: بدل اجازات | L111: قيمة بدل الاجازات | M111: مكافأة | N111: اخرى | O111: اجمالى الاستحقاق | P111: ساعات التاخير | Q111: قيمة ساعات التأخير | R111: سلف | S111: سلفة مرحله | T111: جزاء ادارى | U111: قيمة الجزاء الادارى | V111: جزاء البصمه | W111: قيمة جزاء البصمه | X111: غياب بدون اذن | Y111: جزاء غياب بدون اذن | Z111: المرضى | AA111: قيمة المرضى | AB111: الراتب التاميني | AC111: تأمينات وضرائب | AD111: الانحرافات | AE111: عجز منتجات& عهدة
A112: =+'فرع الرواد'!A31 -> 0 | B112: =+'فرع الرواد'!B31 -> 0 | C112: =+'فرع الرواد'!C31 -> 0 | D112: =+'فرع الرواد'!D31 -> 0 | E112: =+'فرع الرواد'!E31 -> 0 | F112: =+'فرع الرواد'!F31 -> 0 | G112: =+'فرع الرواد'!G31 -> 0 | H112: =+'فرع الرواد'!H31 -> 0 | ... AH112: =+'فرع الرواد'!AH31 -> 0
A114: الكود | B114: الاسم | C114: الفرع | D114: الوظيفة | E114: ساعات العمل | F114: الراتب | G114: الاستحقاق | P114: الاستقطاع | AF114: اجمالى الاستقطاع | AG114: صافى الراتب | AH114: ملاحظات
G115: ايام العمل | H115: قيمة ايام العمل | I115: الاضافى بالساعات | J115: قيمة الاضافى | K115: بدل اجازات | L115: قيمة بدل الاجازات | M115: مكافأة | N115: اخرى | O115: اجمالى الاستحقاق | P115: ساعات التاخير | Q115: قيمة ساعات التأخير | R115: سلف | S115: سلفة مرحله | T115: جزاء ادارى | U115: قيمة الجزاء الادارى | V115: جزاء البصمه | W115: قيمة جزاء البصمه | X115: غياب بدون اذن | Y115: جزاء غياب بدون اذن | Z115: المرضى | AA115: قيمة المرضى | AB115: الراتب التاميني | AC115: تأمينات وضرائب | AD115: الانحرافات | AE115: عجز منتجات& عهدة
A116: =+'فرع الرواد'!A32 -> 0 | B116: =+'فرع الرواد'!B32 -> 0 | C116: =+'فرع الرواد'!C32 -> 0 | D116: =+'فرع الرواد'!D32 -> 0 | E116: =+'فرع الرواد'!E32 -> 0 | F116: =+'فرع الرواد'!F32 -> 0 | G116: =+'فرع الرواد'!G32 -> 0 | H116: =+'فرع الرواد'!H32 -> 0 | ... AH116: =+'فرع الرواد'!AH32 -> 0
A118: الكود | B118: الاسم | C118: الفرع | D118: الوظيفة | E118: ساعات العمل | F118: الراتب | G118: الاستحقاق | P118: الاستقطاع | AF118: اجمالى الاستقطاع | AG118: صافى الراتب | AH118: ملاحظات
G119: ايام العمل | H119: قيمة ايام العمل | I119: الاضافى بالساعات | J119: قيمة الاضافى | K119: بدل اجازات | L119: قيمة بدل الاجازات | M119: مكافأة | N119: اخرى | O119: اجمالى الاستحقاق | P119: ساعات التاخير | Q119: قيمة ساعات التأخير | R119: سلف | S119: سلفة مرحله | T119: جزاء ادارى | U119: قيمة الجزاء الادارى | V119: جزاء البصمه | W119: قيمة جزاء البصمه | X119: غياب بدون اذن | Y119: جزاء غياب بدون اذن | Z119: المرضى | AA119: قيمة المرضى | AB119: الراتب التاميني | AC119: تأمينات وضرائب | AD119: الانحرافات | AE119: عجز منتجات& عهدة
A120: =+'فرع الرواد'!A33 -> 0 | B120: =+'فرع الرواد'!B33 -> 0 | C120: =+'فرع الرواد'!C33 -> 0 | D120: =+'فرع الرواد'!D33 -> 0 | E120: =+'فرع الرواد'!E33 -> 0 | F120: =+'فرع الرواد'!F33 -> 0 | G120: =+'فرع الرواد'!G33 -> 0 | H120: =+'فرع الرواد'!H33 -> 0 | ... AH120: =+'فرع الرواد'!AH33 -> 0
A122: الكود | B122: الاسم | C122: الفرع | D122: الوظيفة | E122: ساعات العمل | F122: الراتب | G122: الاستحقاق | P122: الاستقطاع | AF122: اجمالى الاستقطاع | AG122: صافى الراتب | AH122: ملاحظات
G123: ايام العمل | H123: قيمة ايام العمل | I123: الاضافى بالساعات | J123: قيمة الاضافى | K123: بدل اجازات | L123: قيمة بدل الاجازات | M123: مكافأة | N123: اخرى | O123: اجمالى الاستحقاق | P123: ساعات التاخير | Q123: قيمة ساعات التأخير | R123: سلف | S123: سلفة مرحله | T123: جزاء ادارى | U123: قيمة الجزاء الادارى | V123: جزاء البصمه | W123: قيمة جزاء البصمه | X123: غياب بدون اذن | Y123: جزاء غياب بدون اذن | Z123: المرضى | AA123: قيمة المرضى | AB123: الراتب التاميني | AC123: تأمينات وضرائب | AD123: الانحرافات | AE123: عجز منتجات& عهدة
A124: =+'فرع الرواد'!A34 -> 0 | B124: =+'فرع الرواد'!B34 -> 0 | C124: =+'فرع الرواد'!C34 -> 0 | D124: =+'فرع الرواد'!D34 -> 0 | E124: =+'فرع الرواد'!E34 -> 0 | F124: =+'فرع الرواد'!F34 -> 0 | G124: =+'فرع الرواد'!G34 -> 0 | H124: =+'فرع الرواد'!H34 -> 0 | ... AH124: =+'فرع الرواد'!AH34 -> 0
A126: الكود | B126: الاسم | C126: الفرع | D126: الوظيفة | E126: ساعات العمل | F126: الراتب | G126: الاستحقاق | P126: الاستقطاع | AF126: اجمالى الاستقطاع | AG126: صافى الراتب | AH126: ملاحظات
G127: ايام العمل | H127: قيمة ايام العمل | I127: الاضافى بالساعات | J127: قيمة الاضافى | K127: بدل اجازات | L127: قيمة بدل الاجازات | M127: مكافأة | N127: اخرى | O127: اجمالى الاستحقاق | P127: ساعات التاخير | Q127: قيمة ساعات التأخير | R127: سلف | S127: سلفة مرحله | T127: جزاء ادارى | U127: قيمة الجزاء الادارى | V127: جزاء البصمه | W127: قيمة جزاء البصمه | X127: غياب بدون اذن | Y127: جزاء غياب بدون اذن | Z127: المرضى | AA127: قيمة المرضى | AB127: الراتب التاميني | AC127: تأمينات وضرائب | AD127: الانحرافات | AE127: عجز منتجات& عهدة
A128: =+'فرع الرواد'!A35 -> 0 | B128: =+'فرع الرواد'!B35 -> 0 | C128: =+'فرع الرواد'!C35 -> 0 | D128: =+'فرع الرواد'!D35 -> 0 | E128: =+'فرع الرواد'!E35 -> 0 | F128: =+'فرع الرواد'!F35 -> 0 | G128: =+'فرع الرواد'!G35 -> 0 | H128: =+'فرع الرواد'!H35 -> 0 | ... AH128: =+'فرع الرواد'!AH35 -> 0
A130: الكود | B130: الاسم | C130: الفرع | D130: الوظيفة | E130: ساعات العمل | F130: الراتب | G130: الاستحقاق | P130: الاستقطاع | AF130: اجمالى الاستقطاع | AG130: صافى الراتب | AH130: ملاحظات
G131: ايام العمل | H131: قيمة ايام العمل | I131: الاضافى بالساعات | J131: قيمة الاضافى | K131: بدل اجازات | L131: قيمة بدل الاجازات | M131: مكافأة | N131: اخرى | O131: اجمالى الاستحقاق | P131: ساعات التاخير | Q131: قيمة ساعات التأخير | R131: سلف | S131: سلفة مرحله | T131: جزاء ادارى | U131: قيمة الجزاء الادارى | V131: جزاء البصمه | W131: قيمة جزاء البصمه | X131: غياب بدون اذن | Y131: جزاء غياب بدون اذن | Z131: المرضى | AA131: قيمة المرضى | AB131: الراتب التاميني | AC131: تأمينات وضرائب | AD131: الانحرافات | AE131: عجز منتجات& عهدة
A132: =+'فرع الرواد'!A36 -> 0 | B132: =+'فرع الرواد'!B36 -> 0 | C132: =+'فرع الرواد'!C36 -> 0 | D132: =+'فرع الرواد'!D36 -> 0 | E132: =+'فرع الرواد'!E36 -> 0 | F132: =+'فرع الرواد'!F36 -> 0 | G132: =+'فرع الرواد'!G36 -> 0 | H132: =+'فرع الرواد'!H36 -> 0 | ... AH132: =+'فرع الرواد'!AH36 -> 0
A134: الكود | B134: الاسم | C134: الفرع | D134: الوظيفة | E134: ساعات العمل | F134: الراتب | G134: الاستحقاق | P134: الاستقطاع | AF134: اجمالى الاستقطاع | AG134: صافى الراتب | AH134: ملاحظات
...

Sheet فرع الزقازيق
A1: مرتبات الاردنيه عن شهر 1-2025
A2: الكود | B2: الاسم | C2: الفرع | D2: الوظيفة | E2: ساعات العمل | F2: الراتب | G2: الاستحقاق | P2: الاستقطاع | AF2: اجمالى الاستقطاع | AG2: صافى الراتب | AH2: ملاحظات
G3: ايام العمل | H3: قيمة ايام العمل | I3: الاضافى بالساعات | J3: قيمة الاضافى | K3: بدل اجازات | L3: قيمة بدل الاجازات | M3: مكافأة | N3: اخرى | O3: اجمالى الاستحقاق | P3: ساعات التاخير | Q3: قيمة ساعات التأخير | R3: سلف | S3: سلفة مرحله | T3: جزاء ادارى | U3: قيمة الجزاء الادارى | V3: جزاء البصمه | W3: قيمة جزاء البصمه | X3: غياب بدون اذن | Y3: جزاء غياب بدون اذن | Z3: المرضى | AA3: قيمة المرضى | AB3: الراتب التاميني | AC3: تأمينات وضرائب | AD3: الانحرافات | AE3: عجز منتجات& عهدة

Sheet شرايط قبض الزقازيق
A2: الكود | B2: الاسم | C2: الفرع | D2: الوظيفة | E2: ساعات العمل | F2: الراتب | P2: الاستقطاع | AF2: اجمالى الاستقطاع | AG2: صافى الراتب | AH2: ملاحظات
G3: ايام العمل | H3: قيمة ايام العمل | I3: الاضافى بالساعات | J3: قيمة الاضافى | K3: بدل اجازات | L3: قيمة بدل الاجازات | M3: مكافأة | N3: اخرى | O3: اجمالى الاستحقاق | P3: ساعات التاخير | Q3: قيمة ساعات التأخير | R3: سلف | S3: سلفة مرحله | T3: جزاء ادارى | U3: قيمة الجزاء الادارى | V3: جزاء البصمه | W3: قيمة جزاء البصمه | X3: غياب بدون اذن | Y3: جزاء غياب بدون اذن | Z3: المرضى | AA3: قيمة المرضى | AB3: الراتب التاميني | AC3: تأمينات وضرائب | AD3: الانحرافات | AE3: عجز منتجات& عهدة
A4: =+'فرع الزقازيق'!A4 -> 0 | B4: =+'فرع الزقازيق'!B4 -> 0 | C4: =+'فرع الزقازيق'!C4 -> 0 | D4: =+'فرع الزقازيق'!D4 -> 0 | E4: =+'فرع الزقازيق'!E4 -> 0 | F4: ='فرع الزقازيق'!F4 -> 0 | G4: ='فرع الزقازيق'!G4 -> 0 | H4: ='فرع الزقازيق'!H4 -> 0 | I4: ='فرع الزقازيق'!I4 -> 0 | J4: ='فرع الزقازيق'!J4 -> 0 | K4: ='فرع الزقازيق'!K4 -> 0 | L4: ='فرع الزقازيق'!L4 -> 0 | M4: ='فرع الزقازيق'!M4 -> 0 | ... AH4: ='فرع الزقازيق'!AH4 -> 0
A6: الكود | B6: الاسم | C6: الفرع | D6: الوظيفة | E6: ساعات العمل | F6: الراتب | G6: الاستحقاق | P6: الاستقطاع | AF6: اجمالى الاستقطاع | AG6: صافى الراتب | AH6: ملاحظات
G7: ايام العمل | H7: قيمة ايام العمل | I7: الاضافى بالساعات | J7: قيمة الاضافى | K7: بدل اجازات | L7: قيمة بدل الاجازات | M7: مكافأة | N7: اخرى | O7: اجمالى الاستحقاق | P7: ساعات التاخير | Q7: قيمة ساعات التأخير | R7: سلف | S7: سلفة مرحله | T7: جزاء ادارى | U7: قيمة الجزاء الادارى | V7: جزاء البصمه | W7: قيمة جزاء البصمه | X7: غياب بدون اذن | Y7: جزاء غياب بدون اذن | Z7: المرضى | AA7: قيمة المرضى | AB7: الراتب التاميني | AC7: تأمينات وضرائب | AD7: الانحرافات | AE7: عجز منتجات& عهدة
A8: =+'فرع الزقازيق'!A5 -> 0 | B8: =+'فرع الزقازيق'!B5 -> 0 | C8: =+'فرع الزقازيق'!C5 -> 0 | D8: =+'فرع الزقازيق'!D5 -> 0 | E8: =+'فرع الزقازيق'!E5 -> 0 | F8: =+'فرع الزقازيق'!F5 -> 0 | G8: =+'فرع الزقازيق'!G5 -> 0 | H8: =+'فرع الزقازيق'!H5 -> 0 | ... AH8: =+'فرع الزقازيق'!AH5 -> 0
A10: الكود | B10: الاسم | C10: الفرع | D10: الوظيفة | E10: ساعات العمل | F10: الراتب | G10: الاستحقاق | P10: الاستقطاع | AF10: اجمالى الاستقطاع | AG10: صافى الراتب | AH10: ملاحظات
G11: ايام العمل | H11: قيمة ايام العمل | I11: الاضافى بالساعات | J11: قيمة الاضافى | K11: بدل اجازات | L11: قيمة بدل الاجازات | M11: مكافأة | N11: اخرى | O11: اجمالى الاستحقاق | P11: ساعات التاخير | Q11: قيمة ساعات التأخير | R11: سلف | S11: سلفة مرحله | T11: جزاء ادارى | U11: قيمة الجزاء الادارى | V11: جزاء البصمه | W11: قيمة جزاء البصمه | X11: غياب بدون اذن | Y11: جزاء غياب بدون اذن | Z11: المرضى | AA11: قيمة المرضى | AB11: الراتب التاميني | AC11: تأمينات وضرائب | AD11: الانحرافات | AE11: عجز منتجات& عهدة
A12: =+'فرع الزقازيق'!A6 -> 0 | B12: =+'فرع الزقازيق'!B6 -> 0 | C12: =+'فرع الزقازيق'!C6 -> 0 | D12: =+'فرع الزقازيق'!D6 -> 0 | E12: =+'فرع الزقازيق'!E6 -> 0 | F12: =+'فرع الزقازيق'!F6 -> 0 | G12: =+'فرع الزقازيق'!G6 -> 0 | H12: =+'فرع الزقازيق'!H6 -> 0 | ... AH12: =+'فرع الزقازيق'!AH6 -> 0
A14: الكود | B14: الاسم | C14: الفرع | D14: الوظيفة | E14: ساعات العمل | F14: الراتب | G14: الاستحقاق | P14: الاستقطاع | AF14: اجمالى الاستقطاع | AG14: صافى الراتب | AH14: ملاحظات
G15: ايام العمل | H15: قيمة ايام العمل | I15: الاضافى بالساعات | J15: قيمة الاضافى | K15: بدل اجازات | L15: قيمة بدل الاجازات | M15: مكافأة | N15: اخرى | O15: اجمالى الاستحقاق | P15: ساعات التاخير | Q15: قيمة ساعات التأخير | R15: سلف | S15: سلفة مرحله | T15: جزاء ادارى | U15: قيمة الجزاء الادارى | V15: جزاء البصمه | W15: قيمة جزاء البصمه | X15: غياب بدون اذن | Y15: جزاء غياب بدون اذن | Z15: المرضى | AA15: قيمة المرضى | AB15: الراتب التاميني | AC15: تأمينات وضرائب | AD15: الانحرافات | AE15: عجز منتجات& عهدة
A16: =+'فرع الزقازيق'!A7 -> 0 | B16: =+'فرع الزقازيق'!B7 -> 0 | C16: =+'فرع الزقازيق'!C7 -> 0 | D16: =+'فرع الزقازيق'!D7 -> 0 | E16: =+'فرع الزقازيق'!E7 -> 0 | F16: =+'فرع الزقازيق'!F7 -> 0 | G16: =+'فرع الزقازيق'!G7 -> 0 | H16: =+'فرع الزقازيق'!H7 -> 0 | ... AH16: =+'فرع الزقازيق'!AH7 -> 0
A18: الكود | B18: الاسم | C18: الفرع | D18: الوظيفة | E18: ساعات العمل | F18: الراتب | G18: الاستحقاق | P18: الاستقطاع | AF18: اجمالى الاستقطاع | AG18: صافى الراتب | AH18: ملاحظات
G19: ايام العمل | H19: قيمة ايام العمل | I19: الاضافى بالساعات | J19: قيمة الاضافى | K19: بدل اجازات | L19: قيمة بدل الاجازات | M19: مكافأة | N19: اخرى | O19: اجمالى الاستحقاق | P19: ساعات التاخير | Q19: قيمة ساعات التأخير | R19: سلف | S19: سلفة مرحله | T19: جزاء ادارى | U19: قيمة الجزاء الادارى | V19: جزاء البصمه | W19: قيمة جزاء البصمه | X19: غياب بدون اذن | Y19: جزاء غياب بدون اذن | Z19: المرضى | AA19: قيمة المرضى | AB19: الراتب التاميني | AC19: تأمينات وضرائب | AD19: الانحرافات | AE19: عجز منتجات& عهدة
A20: =+'فرع الزقازيق'!A8 -> 0 | B20: =+'فرع الزقازيق'!B8 -> 0 | C20: =+'فرع الزقازيق'!C8 -> 0 | D20: =+'فرع الزقازيق'!D8 -> 0 | E20: =+'فرع الزقازيق'!E8 -> 0 | F20: =+'فرع الزقازيق'!F8 -> 0 | G20: =+'فرع الزقازيق'!G8 -> 0 | H20: =+'فرع الزقازيق'!H8 -> 0 | ... AH20: =+'فرع الزقازيق'!AH8 -> 0
A22: الكود | B22: الاسم | C22: الفرع | D22: الوظيفة | E22: ساعات العمل | F22: الراتب | G22: الاستحقاق | P22: الاستقطاع | AF22: اجمالى الاستقطاع | AG22: صافى الراتب | AH22: ملاحظات
G23: ايام العمل | H23: قيمة ايام العمل | I23: الاضافى بالساعات | J23: قيمة الاضافى | K23: بدل اجازات | L23: قيمة بدل الاجازات | M23: مكافأة | N23: اخرى | O23: اجمالى الاستحقاق | P23: ساعات التاخير | Q23: قيمة ساعات التأخير | R23: سلف | S23: سلفة مرحله | T23: جزاء ادارى | U23: قيمة الجزاء الادارى | V23: جزاء البصمه | W23: قيمة جزاء البصمه | X23: غياب بدون اذن | Y23: جزاء غياب بدون اذن | Z23: المرضى | AA23: قيمة المرضى | AB23: الراتب التاميني | AC23: تأمينات وضرائب | AD23: الانحرافات | AE23: عجز منتجات& عهدة
A24: =+'فرع الزقازيق'!A9 -> 0 | B24: =+'فرع الزقازيق'!B9 -> 0 | C24: =+'فرع الزقازيق'!C9 -> 0 | D24: =+'فرع الزقازيق'!D9 -> 0 | E24: =+'فرع الزقازيق'!E9 -> 0 | F24: =+'فرع الزقازيق'!F9 -> 0 | G24: =+'فرع الزقازيق'!G9 -> 0 | H24: =+'فرع الزقازيق'!H9 -> 0 | ... AH24: =+'فرع الزقازيق'!AH9 -> 0
A26: الكود | B26: الاسم | C26: الفرع | D26: الوظيفة | E26: ساعات العمل | F26: الراتب | G26: الاستحقاق | P26: الاستقطاع | AF26: اجمالى الاستقطاع | AG26: صافى الراتب | AH26: ملاحظات
G27: ايام العمل | H27: قيمة ايام العمل | I27: الاضافى بالساعات | J27: قيمة الاضافى | K27: بدل اجازات | L27: قيمة بدل الاجازات | M27: مكافأة | N27: اخرى | O27: اجمالى الاستحقاق | P27: ساعات التاخير | Q27: قيمة ساعات التأخير | R27: سلف | S27: سلفة مرحله | T27: جزاء ادارى | U27: قيمة الجزاء الادارى | V27: جزاء البصمه | W27: قيمة جزاء البصمه | X27: غياب بدون اذن | Y27: جزاء غياب بدون اذن | Z27: المرضى | AA27: قيمة المرضى | AB27: الراتب التاميني | AC27: تأمينات وضرائب | AD27: الانحرافات | AE27: عجز منتجات& عهدة
A28: =+'فرع الزقازيق'!A10 -> 0 | B28: =+'فرع الزقازيق'!B10 -> 0 | C28: =+'فرع الزقازيق'!C10 -> 0 | D28: =+'فرع الزقازيق'!D10 -> 0 | E28: =+'فرع الزقازيق'!E10 -> 0 | F28: =+'فرع الزقازيق'!F10 -> 0 | G28: =+'فرع الزقازيق'!G10 -> 0 | H28: =+'فرع الزقازيق'!H10 -> 0 | ... AH28: =+'فرع الزقازيق'!AH10 -> 0
A30: الكود | B30: الاسم | C30: الفرع | D30: الوظيفة | E30: ساعات العمل | F30: الراتب | G30: الاستحقاق | P30: الاستقطاع | AF30: اجمالى الاستقطاع | AG30: صافى الراتب | AH30: ملاحظات
G31: ايام العمل | H31: قيمة ايام العمل | I31: الاضافى بالساعات | J31: قيمة الاضافى | K31: بدل اجازات | L31: قيمة بدل الاجازات | M31: مكافأة | N31: اخرى | O31: اجمالى الاستحقاق | P31: ساعات التاخير | Q31: قيمة ساعات التأخير | R31: سلف | S31: سلفة مرحله | T31: جزاء ادارى | U31: قيمة الجزاء الادارى | V31: جزاء البصمه | W31: قيمة جزاء البصمه | X31: غياب بدون اذن | Y31: جزاء غياب بدون اذن | Z31: المرضى | AA31: قيمة المرضى | AB31: الراتب التاميني | AC31: تأمينات وضرائب | AD31: الانحرافات | AE31: عجز منتجات& عهدة
A32: =+'فرع الزقازيق'!A11 -> 0 | B32: =+'فرع الزقازيق'!B11 -> 0 | C32: =+'فرع الزقازيق'!C11 -> 0 | D32: =+'فرع الزقازيق'!D11 -> 0 | E32: =+'فرع الزقازيق'!E11 -> 0 | F32: =+'فرع الزقازيق'!F11 -> 0 | G32: =+'فرع الزقازيق'!G11 -> 0 | H32: =+'فرع الزقازيق'!H11 -> 0 | ... AH32: =+'فرع الزقازيق'!AH11 -> 0
A34: الكود | B34: الاسم | C34: الفرع | D34: الوظيفة | E34: ساعات العمل | F34: الراتب | G34: الاستحقاق | P34: الاستقطاع | AF34: اجمالى الاستقطاع | AG34: صافى الراتب | AH34: ملاحظات
G35: ايام العمل | H35: قيمة ايام العمل | I35: الاضافى بالساعات | J35: قيمة الاضافى | K35: بدل اجازات | L35: قيمة بدل الاجازات | M35: مكافأة | N35: اخرى | O35: اجمالى الاستحقاق | P35: ساعات التاخير | Q35: قيمة ساعات التأخير | R35: سلف | S35: سلفة مرحله | T35: جزاء ادارى | U35: قيمة الجزاء الادارى | V35: جزاء البصمه | W35: قيمة جزاء البصمه | X35: غياب بدون اذن | Y35: جزاء غياب بدون اذن | Z35: المرضى | AA35: قيمة المرضى | AB35: الراتب التاميني | AC35: تأمينات وضرائب | AD35: الانحرافات | AE35: عجز منتجات& عهدة
A36: =+'فرع الزقازيق'!A12 -> 0 | B36: =+'فرع الزقازيق'!B12 -> 0 | C36: =+'فرع الزقازيق'!C12 -> 0 | D36: =+'فرع الزقازيق'!D12 -> 0 | E36: =+'فرع الزقازيق'!E12 -> 0 | F36: =+'فرع الزقازيق'!F12 -> 0 | G36: =+'فرع الزقازيق'!G12 -> 0 | H36: =+'فرع الزقازيق'!H12 -> 0 | ... AH36: =+'فرع الزقازيق'!AH12 -> 0
A38: الكود | B38: الاسم | C38: الفرع | D38: الوظيفة | E38: ساعات العمل | F38: الراتب | G38: الاستحقاق | P38: الاستقطاع | AF38: اجمالى الاستقطاع | AG38: صافى الراتب | AH38: ملاحظات
G39: ايام العمل | H39: قيمة ايام العمل | I39: الاضافى بالساعات | J39: قيمة الاضافى | K39: بدل اجازات | L39: قيمة بدل الاجازات | M39: مكافأة | N39: اخرى | O39: اجمالى الاستحقاق | P39: ساعات التاخير | Q39: قيمة ساعات التأخير | R39: سلف | S39: سلفة مرحله | T39: جزاء ادارى | U39: قيمة الجزاء الادارى | V39: جزاء البصمه | W39: قيمة جزاء البصمه | X39: غياب بدون اذن | Y39: جزاء غياب بدون اذن | Z39: المرضى | AA39: قيمة المرضى | AB39: الراتب التاميني | AC39: تأمينات وضرائب | AD39: الانحرافات | AE39: عجز منتجات& عهدة
A40: =+'فرع الزقازيق'!A13 -> 0 | B40: =+'فرع الزقازيق'!B13 -> 0 | C40: =+'فرع الزقازيق'!C13 -> 0 | D40: =+'فرع الزقازيق'!D13 -> 0 | E40: =+'فرع الزقازيق'!E13 -> 0 | F40: =+'فرع الزقازيق'!F13 -> 0 | G40: =+'فرع الزقازيق'!G13 -> 0 | H40: =+'فرع الزقازيق'!H13 -> 0 | ... AH40: =+'فرع الزقازيق'!AH13 -> 0
A42: الكود | B42: الاسم | C42: الفرع | D42: الوظيفة | E42: ساعات العمل | F42: الراتب | G42: الاستحقاق | P42: الاستقطاع | AF42: اجمالى الاستقطاع | AG42: صافى الراتب | AH42: ملاحظات
G43: ايام العمل | H43: قيمة ايام العمل | I43: الاضافى بالساعات | J43: قيمة الاضافى | K43: بدل اجازات | L43: قيمة بدل الاجازات | M43: مكافأة | N43: اخرى | O43: اجمالى الاستحقاق | P43: ساعات التاخير | Q43: قيمة ساعات التأخير | R43: سلف | S43: سلفة مرحله | T43: جزاء ادارى | U43: قيمة الجزاء الادارى | V43: جزاء البصمه | W43: قيمة جزاء البصمه | X43: غياب بدون اذن | Y43: جزاء غياب بدون اذن | Z43: المرضى | AA43: قيمة المرضى | AB43: الراتب التاميني | AC43: تأمينات وضرائب | AD43: الانحرافات | AE43: عجز منتجات& عهدة
A44: =+'فرع الزقازيق'!A14 -> 0 | B44: =+'فرع الزقازيق'!B14 -> 0 | C44: =+'فرع الزقازيق'!C14 -> 0 | D44: =+'فرع الزقازيق'!D14 -> 0 | E44: =+'فرع الزقازيق'!E14 -> 0 | F44: =+'فرع الزقازيق'!F14 -> 0 | G44: =+'فرع الزقازيق'!G14 -> 0 | H44: =+'فرع الزقازيق'!H14 -> 0 | ... AH44: =+'فرع الزقازيق'!AH14 -> 0
A46: الكود | B46: الاسم | C46: الفرع | D46: الوظيفة | E46: ساعات العمل | F46: الراتب | G46: الاستحقاق | P46: الاستقطاع | AF46: اجمالى الاستقطاع | AG46: صافى الراتب | AH46: ملاحظات
G47: ايام العمل | H47: قيمة ايام العمل | I47: الاضافى بالساعات | J47: قيمة الاضافى | K47: بدل اجازات | L47: قيمة بدل الاجازات | M47: مكافأة | N47: اخرى | O47: اجمالى الاستحقاق | P47: ساعات التاخير | Q47: قيمة ساعات التأخير | R47: سلف | S47: سلفة مرحله | T47: جزاء ادارى | U47: قيمة الجزاء الادارى | V47: جزاء البصمه | W47: قيمة جزاء البصمه | X47: غياب بدون اذن | Y47: جزاء غياب بدون اذن | Z47: المرضى | AA47: قيمة المرضى | AB47: الراتب التاميني | AC47: تأمينات وضرائب | AD47: الانحرافات | AE47: عجز منتجات& عهدة
A48: =+'فرع الزقازيق'!A15 -> 0 | B48: =+'فرع الزقازيق'!B15 -> 0 | C48: =+'فرع الزقازيق'!C15 -> 0 | D48: =+'فرع الزقازيق'!D15 -> 0 | E48: =+'فرع الزقازيق'!E15 -> 0 | F48: =+'فرع الزقازيق'!F15 -> 0 | G48: =+'فرع الزقازيق'!G15 -> 0 | H48: =+'فرع الزقازيق'!H15 -> 0 | ... AH48: =+'فرع الزقازيق'!AH15 -> 0
A50: الكود | B50: الاسم | C50: الفرع | D50: الوظيفة | E50: ساعات العمل | F50: الراتب | G50: الاستحقاق | P50: الاستقطاع | AF50: اجمالى الاستقطاع | AG50: صافى الراتب | AH50: ملاحظات
G51: ايام العمل | H51: قيمة ايام العمل | I51: الاضافى بالساعات | J51: قيمة الاضافى | K51: بدل اجازات | L51: قيمة بدل الاجازات | M51: مكافأة | N51: اخرى | O51: اجمالى الاستحقاق | P51: ساعات التاخير | Q51: قيمة ساعات التأخير | R51: سلف | S51: سلفة مرحله | T51: جزاء ادارى | U51: قيمة الجزاء الادارى | V51: جزاء البصمه | W51: قيمة جزاء البصمه | X51: غياب بدون اذن | Y51: جزاء غياب بدون اذن | Z51: المرضى | AA51: قيمة المرضى | AB51: الراتب التاميني | AC51: تأمينات وضرائب | AD51: الانحرافات | AE51: عجز منتجات& عهدة
A52: =+'فرع الزقازيق'!A16 -> 0 | B52: =+'فرع الزقازيق'!B16 -> 0 | C52: =+'فرع الزقازيق'!C16 -> 0 | D52: =+'فرع الزقازيق'!D16 -> 0 | E52: =+'فرع الزقازيق'!E16 -> 0 | F52: =+'فرع الزقازيق'!F16 -> 0 | G52: =+'فرع الزقازيق'!G16 -> 0 | H52: =+'فرع الزقازيق'!H16 -> 0 | ... AH52: =+'فرع الزقازيق'!AH16 -> 0
A54: الكود | B54: الاسم | C54: الفرع | D54: الوظيفة | E54: ساعات العمل | F54: الراتب | G54: الاستحقاق | P54: الاستقطاع | AF54: اجمالى الاستقطاع | AG54: صافى الراتب | AH54: ملاحظات
G55: ايام العمل | H55: قيمة ايام العمل | I55: الاضافى بالساعات | J55: قيمة الاضافى | K55: بدل اجازات | L55: قيمة بدل الاجازات | M55: مكافأة | N55: اخرى | O55: اجمالى الاستحقاق | P55: ساعات التاخير | Q55: قيمة ساعات التأخير | R55: سلف | S55: سلفة مرحله | T55: جزاء ادارى | U55: قيمة الجزاء الادارى | V55: جزاء البصمه | W55: قيمة جزاء البصمه | X55: غياب بدون اذن | Y55: جزاء غياب بدون اذن | Z55: المرضى | AA55: قيمة المرضى | AB55: الراتب التاميني | AC55: تأمينات وضرائب | AD55: الانحرافات | AE55: عجز منتجات& عهدة
A56: =+'فرع الزقازيق'!A17 -> 0 | B56: =+'فرع الزقازيق'!B17 -> 0 | C56: =+'فرع الزقازيق'!C17 -> 0 | D56: =+'فرع الزقازيق'!D17 -> 0 | E56: =+'فرع الزقازيق'!E17 -> 0 | F56: =+'فرع الزقازيق'!F17 -> 0 | G56: =+'فرع الزقازيق'!G17 -> 0 | H56: =+'فرع الزقازيق'!H17 -> 0 | ... AH56: =+'فرع الزقازيق'!AH17 -> 0
A58: الكود | B58: الاسم | C58: الفرع | D58: الوظيفة | E58: ساعات العمل | F58: الراتب | G58: الاستحقاق | P58: الاستقطاع | AF58: اجمالى الاستقطاع | AG58: صافى الراتب | AH58: ملاحظات
G59: ايام العمل | H59: قيمة ايام العمل | I59: الاضافى بالساعات | J59: قيمة الاضافى | K59: بدل اجازات | L59: قيمة بدل الاجازات | M59: مكافأة | N59: اخرى | O59: اجمالى الاستحقاق | P59: ساعات التاخير | Q59: قيمة ساعات التأخير | R59: سلف | S59: سلفة مرحله | T59: جزاء ادارى | U59: قيمة الجزاء الادارى | V59: جزاء البصمه | W59: قيمة جزاء البصمه | X59: غياب بدون اذن | Y59: جزاء غياب بدون اذن | Z59: المرضى | AA59: قيمة المرضى | AB59: الراتب التاميني | AC59: تأمينات وضرائب | AD59: الانحرافات | AE59: عجز منتجات& عهدة
A60: =+'فرع الزقازيق'!A18 -> 0 | B60: =+'فرع الزقازيق'!B18 -> 0 | C60: =+'فرع الزقازيق'!C18 -> 0 | D60: =+'فرع الزقازيق'!D18 -> 0 | E60: =+'فرع الزقازيق'!E18 -> 0 | F60: =+'فرع الزقازيق'!F18 -> 0 | G60: =+'فرع الزقازيق'!G18 -> 0 | H60: =+'فرع الزقازيق'!H18 -> 0 | ... AH60: =+'فرع الزقازيق'!AH18 -> 0
A62: الكود | B62: الاسم | C62: الفرع | D62: الوظيفة | E62: ساعات العمل | F62: الراتب | G62: الاستحقاق | P62: الاستقطاع | AF62: اجمالى الاستقطاع | AG62: صافى الراتب | AH62: ملاحظات
G63: ايام العمل | H63: قيمة ايام العمل | I63: الاضافى بالساعات | J63: قيمة الاضافى | K63: بدل اجازات | L63: قيمة بدل الاجازات | M63: مكافأة | N63: اخرى | O63: اجمالى الاستحقاق | P63: ساعات التاخير | Q63: قيمة ساعات التأخير | R63: سلف | S63: سلفة مرحله | T63: جزاء ادارى | U63: قيمة الجزاء الادارى | V63: جزاء البصمه | W63: قيمة جزاء البصمه | X63: غياب بدون اذن | Y63: جزاء غياب بدون اذن | Z63: المرضى | AA63: قيمة المرضى | AB63: الراتب التاميني | AC63: تأمينات وضرائب | AD63: الانحرافات | AE63: عجز منتجات& عهدة
A64: =+'فرع الزقازيق'!A19 -> 0 | B64: =+'فرع الزقازيق'!B19 -> 0 | C64: =+'فرع الزقازيق'!C19 -> 0 | D64: =+'فرع الزقازيق'!D19 -> 0 | E64: =+'فرع الزقازيق'!E19 -> 0 | F64: =+'فرع الزقازيق'!F19 -> 0 | G64: =+'فرع الزقازيق'!G19 -> 0 | H64: =+'فرع الزقازيق'!H19 -> 0 | ... AH64: =+'فرع الزقازيق'!AH19 -> 0
A66: الكود | B66: الاسم | C66: الفرع | D66: الوظيفة | E66: ساعات العمل | F66: الراتب | G66: الاستحقاق | P66: الاستقطاع | AF66: اجمالى الاستقطاع | AG66: صافى الراتب | AH66: ملاحظات
G67: ايام العمل | H67: قيمة ايام العمل | I67: الاضافى بالساعات | J67: قيمة الاضافى | K67: بدل اجازات | L67: قيمة بدل الاجازات | M67: مكافأة | N67: اخرى | O67: اجمالى الاستحقاق | P67: ساعات التاخير | Q67: قيمة ساعات التأخير | R67: سلف | S67: سلفة مرحله | T67: جزاء ادارى | U67: قيمة الجزاء الادارى | V67: جزاء البصمه | W67: قيمة جزاء البصمه | X67: غياب بدون اذن | Y67: جزاء غياب بدون اذن | Z67: المرضى | AA67: قيمة المرضى | AB67: الراتب التاميني | AC67: تأمينات وضرائب | AD67: الانحرافات | AE67: عجز منتجات& عهدة
A68: =+'فرع الزقازيق'!A20 -> 0 | B68: =+'فرع الزقازيق'!B20 -> 0 | C68: =+'فرع الزقازيق'!C20 -> 0 | D68: =+'فرع الزقازيق'!D20 -> 0 | E68: =+'فرع الزقازيق'!E20 -> 0 | F68: =+'فرع الزقازيق'!F20 -> 0 | G68: =+'فرع الزقازيق'!G20 -> 0 | H68: =+'فرع الزقازيق'!H20 -> 0 | ... AH68: =+'فرع الزقازيق'!AH20 -> 0
A70: الكود | B70: الاسم | C70: الفرع | D70: الوظيفة | E70: ساعات العمل | F70: الراتب | G70: الاستحقاق | P70: الاستقطاع | AF70: اجمالى الاستقطاع | AG70: صافى الراتب | AH70: ملاحظات
G71: ايام العمل | H71: قيمة ايام العمل | I71: الاضافى بالساعات | J71: قيمة الاضافى | K71: بدل اجازات | L71: قيمة بدل الاجازات | M71: مكافأة | N71: اخرى | O71: اجمالى الاستحقاق | P71: ساعات التاخير | Q71: قيمة ساعات التأخير | R71: سلف | S71: سلفة مرحله | T71: جزاء ادارى | U71: قيمة الجزاء الادارى | V71: جزاء البصمه | W71: قيمة جزاء البصمه | X71: غياب بدون اذن | Y71: جزاء غياب بدون اذن | Z71: المرضى | AA71: قيمة المرضى | AB71: الراتب التاميني | AC71: تأمينات وضرائب | AD71: الانحرافات | AE71: عجز منتجات& عهدة
A72: =+'فرع الزقازيق'!A21 -> 0 | B72: =+'فرع الزقازيق'!B21 -> 0 | C72: =+'فرع الزقازيق'!C21 -> 0 | D72: =+'فرع الزقازيق'!D21 -> 0 | E72: =+'فرع الزقازيق'!E21 -> 0 | F72: =+'فرع الزقازيق'!F21 -> 0 | G72: =+'فرع الزقازيق'!G21 -> 0 | H72: =+'فرع الزقازيق'!H21 -> 0 | ... AH72: =+'فرع الزقازيق'!AH21 -> 0
A74: الكود | B74: الاسم | C74: الفرع | D74: الوظيفة | E74: ساعات العمل | F74: الراتب | G74: الاستحقاق | P74: الاستقطاع | AF74: اجمالى الاستقطاع | AG74: صافى الراتب | AH74: ملاحظات
G75: ايام العمل | H75: قيمة ايام العمل | I75: الاضافى بالساعات | J75: قيمة الاضافى | K75: بدل اجازات | L75: قيمة بدل الاجازات | M75: مكافأة | N75: اخرى | O75: اجمالى الاستحقاق | P75: ساعات التاخير | Q75: قيمة ساعات التأخير | R75: سلف | S75: سلفة مرحله | T75: جزاء ادارى | U75: قيمة الجزاء الادارى | V75: جزاء البصمه | W75: قيمة جزاء البصمه | X75: غياب بدون اذن | Y75: جزاء غياب بدون اذن | Z75: المرضى | AA75: قيمة المرضى | AB75: الراتب التاميني | AC75: تأمينات وضرائب | AD75: الانحرافات | AE75: عجز منتجات& عهدة
A76: =+'فرع الزقازيق'!A22 -> 0 | B76: =+'فرع الزقازيق'!B22 -> 0 | C76: =+'فرع الزقازيق'!C22 -> 0 | D76: =+'فرع الزقازيق'!D22 -> 0 | E76: =+'فرع الزقازيق'!E22 -> 0 | F76: =+'فرع الزقازيق'!F22 -> 0 | G76: =+'فرع الزقازيق'!G22 -> 0 | H76: =+'فرع الزقازيق'!H22 -> 0 | ... AH76: =+'فرع الزقازيق'!AH22 -> 0
A78: الكود | B78: الاسم | C78: الفرع | D78: الوظيفة | E78: ساعات العمل | F78: الراتب | G78: الاستحقاق | P78: الاستقطاع | AF78: اجمالى الاستقطاع | AG78: صافى الراتب | AH78: ملاحظات
G79: ايام العمل | H79: قيمة ايام العمل | I79: الاضافى بالساعات | J79: قيمة الاضافى | K79: بدل اجازات | L79: قيمة بدل الاجازات | M79: مكافأة | N79: اخرى | O79: اجمالى الاستحقاق | P79: ساعات التاخير | Q79: قيمة ساعات التأخير | R79: سلف | S79: سلفة مرحله | T79: جزاء ادارى | U79: قيمة الجزاء الادارى | V79: جزاء البصمه | W79: قيمة جزاء البصمه | X79: غياب بدون اذن | Y79: جزاء غياب بدون اذن | Z79: المرضى | AA79: قيمة المرضى | AB79: الراتب التاميني | AC79: تأمينات وضرائب | AD79: الانحرافات | AE79: عجز منتجات& عهدة
A80: =+'فرع الزقازيق'!A23 -> 0 | B80: =+'فرع الزقازيق'!B23 -> 0 | C80: =+'فرع الزقازيق'!C23 -> 0 | D80: =+'فرع الزقازيق'!D23 -> 0 | E80: =+'فرع الزقازيق'!E23 -> 0 | F80: =+'فرع الزقازيق'!F23 -> 0 | G80: =+'فرع الزقازيق'!G23 -> 0 | H80: =+'فرع الزقازيق'!H23 -> 0 | ... AH80: =+'فرع الزقازيق'!AH23 -> 0
A82: الكود | B82: الاسم | C82: الفرع | D82: الوظيفة | E82: ساعات العمل | F82: الراتب | G82: الاستحقاق | P82: الاستقطاع | AF82: اجمالى الاستقطاع | AG82: صافى الراتب | AH82: ملاحظات
G83: ايام العمل | H83: قيمة ايام العمل | I83: الاضافى بالساعات | J83: قيمة الاضافى | K83: بدل اجازات | L83: قيمة بدل الاجازات | M83: مكافأة | N83: اخرى | O83: اجمالى الاستحقاق | P83: ساعات التاخير | Q83: قيمة ساعات التأخير | R83: سلف | S83: سلفة مرحله | T83: جزاء ادارى | U83: قيمة الجزاء الادارى | V83: جزاء البصمه | W83: قيمة جزاء البصمه | X83: غياب بدون اذن | Y83: جزاء غياب بدون اذن | Z83: المرضى | AA83: قيمة المرضى | AB83: الراتب التاميني | AC83: تأمينات وضرائب | AD83: الانحرافات | AE83: عجز منتجات& عهدة
A84: =+'فرع الزقازيق'!A24 -> 0 | B84: =+'فرع الزقازيق'!B24 -> 0 | C84: =+'فرع الزقازيق'!C24 -> 0 | D84: =+'فرع الزقازيق'!D24 -> 0 | E84: =+'فرع الزقازيق'!E24 -> 0 | F84: =+'فرع الزقازيق'!F24 -> 0 | G84: =+'فرع الزقازيق'!G24 -> 0 | H84: =+'فرع الزقازيق'!H24 -> 0 | ... AH84: =+'فرع الزقازيق'!AH24 -> 0
A86: الكود | B86: الاسم | C86: الفرع | D86: الوظيفة | E86: ساعات العمل | F86: الراتب | G86: الاستحقاق | P86: الاستقطاع | AF86: اجمالى الاستقطاع | AG86: صافى الراتب | AH86: ملاحظات
G87: ايام العمل | H87: قيمة ايام العمل | I87: الاضافى بالساعات | J87: قيمة الاضافى | K87: بدل اجازات | L87: قيمة بدل الاجازات | M87: مكافأة | N87: اخرى | O87: اجمالى الاستحقاق | P87: ساعات التاخير | Q87: قيمة ساعات التأخير | R87: سلف | S87: سلفة مرحله | T87: جزاء ادارى | U87: قيمة الجزاء الادارى | V87: جزاء البصمه | W87: قيمة جزاء البصمه | X87: غياب بدون اذن | Y87: جزاء غياب بدون اذن | Z87: المرضى | AA87: قيمة المرضى | AB87: الراتب التاميني | AC87: تأمينات وضرائب | AD87: الانحرافات | AE87: عجز منتجات& عهدة
A88: =+'فرع الزقازيق'!A25 -> 0 | B88: =+'فرع الزقازيق'!B25 -> 0 | C88: =+'فرع الزقازيق'!C25 -> 0 | D88: =+'فرع الزقازيق'!D25 -> 0 | E88: =+'فرع الزقازيق'!E25 -> 0 | F88: =+'فرع الزقازيق'!F25 -> 0 | G88: =+'فرع الزقازيق'!G25 -> 0 | H88: =+'فرع الزقازيق'!H25 -> 0 | ... AH88: =+'فرع الزقازيق'!AH25 -> 0
A90: الكود | B90: الاسم | C90: الفرع | D90: الوظيفة | E90: ساعات العمل | F90: الراتب | G90: الاستحقاق | P90: الاستقطاع | AF90: اجمالى الاستقطاع | AG90: صافى الراتب | AH90: ملاحظات
G91: ايام العمل | H91: قيمة ايام العمل | I91: الاضافى بالساعات | J91: قيمة الاضافى | K91: بدل اجازات | L91: قيمة بدل الاجازات | M91: مكافأة | N91: اخرى | O91: اجمالى الاستحقاق | P91: ساعات التاخير | Q91: قيمة ساعات التأخير | R91: سلف | S91: سلفة مرحله | T91: جزاء ادارى | U91: قيمة الجزاء الادارى | V91: جزاء البصمه | W91: قيمة جزاء البصمه | X91: غياب بدون اذن | Y91: جزاء غياب بدون اذن | Z91: المرضى | AA91: قيمة المرضى | AB91: الراتب التاميني | AC91: تأمينات وضرائب | AD91: الانحرافات | AE91: عجز منتجات& عهدة
A92: =+'فرع الزقازيق'!A26 -> 0 | B92: =+'فرع الزقازيق'!B26 -> 0 | C92: =+'فرع الزقازيق'!C26 -> 0 | D92: =+'فرع الزقازيق'!D26 -> 0 | E92: =+'فرع الزقازيق'!E26 -> 0 | F92: =+'فرع الزقازيق'!F26 -> 0 | G92: =+'فرع الزقازيق'!G26 -> 0 | H92: =+'فرع الزقازيق'!H26 -> 0 | ... AH92: =+'فرع الزقازيق'!AH26 -> 0
A94: الكود | B94: الاسم | C94: الفرع | D94: الوظيفة | E94: ساعات العمل | F94: الراتب | G94: الاستحقاق | P94: الاستقطاع | AF94: اجمالى الاستقطاع | AG94: صافى الراتب | AH94: ملاحظات
G95: ايام العمل | H95: قيمة ايام العمل | I95: الاضافى بالساعات | J95: قيمة الاضافى | K95: بدل اجازات | L95: قيمة بدل الاجازات | M95: مكافأة | N95: اخرى | O95: اجمالى الاستحقاق | P95: ساعات التاخير | Q95: قيمة ساعات التأخير | R95: سلف | S95: سلفة مرحله | T95: جزاء ادارى | U95: قيمة الجزاء الادارى | V95: جزاء البصمه | W95: قيمة جزاء البصمه | X95: غياب بدون اذن | Y95: جزاء غياب بدون اذن | Z95: المرضى | AA95: قيمة المرضى | AB95: الراتب التاميني | AC95: تأمينات وضرائب | AD95: الانحرافات | AE95: عجز منتجات& عهدة
A96: =+'فرع الزقازيق'!A27 -> 0 | B96: =+'فرع الزقازيق'!B27 -> 0 | C96: =+'فرع الزقازيق'!C27 -> 0 | D96: =+'فرع الزقازيق'!D27 -> 0 | E96: =+'فرع الزقازيق'!E27 -> 0 | F96: =+'فرع الزقازيق'!F27 -> 0 | G96: =+'فرع الزقازيق'!G27 -> 0 | H96: =+'فرع الزقازيق'!H27 -> 0 | ... AH96: =+'فرع الزقازيق'!AH27 -> 0
A98: الكود | B98: الاسم | C98: الفرع | D98: الوظيفة | E98: ساعات العمل | F98: الراتب | G98: الاستحقاق | P98: الاستقطاع | AF98: اجمالى الاستقطاع | AG98: صافى الراتب | AH98: ملاحظات
G99: ايام العمل | H99: قيمة ايام العمل | I99: الاضافى بالساعات | J99: قيمة الاضافى | K99: بدل اجازات | L99: قيمة بدل الاجازات | M99: مكافأة | N99: اخرى | O99: اجمالى الاستحقاق | P99: ساعات التاخير | Q99: قيمة ساعات التأخير | R99: سلف | S99: سلفة مرحله | T99: جزاء ادارى | U99: قيمة الجزاء الادارى | V99: جزاء البصمه | W99: قيمة جزاء البصمه | X99: غياب بدون اذن | Y99: جزاء غياب بدون اذن | Z99: المرضى | AA99: قيمة المرضى | AB99: الراتب التاميني | AC99: تأمينات وضرائب | AD99: الانحرافات | AE99: عجز منتجات& عهدة
A100: =+'فرع الزقازيق'!A28 -> 0 | B100: =+'فرع الزقازيق'!B28 -> 0 | C100: =+'فرع الزقازيق'!C28 -> 0 | D100: =+'فرع الزقازيق'!D28 -> 0 | E100: =+'فرع الزقازيق'!E28 -> 0 | F100: =+'فرع الزقازيق'!F28 -> 0 | G100: =+'فرع الزقازيق'!G28 -> 0 | H100: =+'فرع الزقازيق'!H28 -> 0 | ... AH100: =+'فرع الزقازيق'!AH28 -> 0
A102: الكود | B102: الاسم | C102: الفرع | D102: الوظيفة | E102: ساعات العمل | F102: الراتب | G102: الاستحقاق | P102: الاستقطاع | AF102: اجمالى الاستقطاع | AG102: صافى الراتب | AH102: ملاحظات
G103: ايام العمل | H103: قيمة ايام العمل | I103: الاضافى بالساعات | J103: قيمة الاضافى | K103: بدل اجازات | L103: قيمة بدل الاجازات | M103: مكافأة | N103: اخرى | O103: اجمالى الاستحقاق | P103: ساعات التاخير | Q103: قيمة ساعات التأخير | R103: سلف | S103: سلفة مرحله | T103: جزاء ادارى | U103: قيمة الجزاء الادارى | V103: جزاء البصمه | W103: قيمة جزاء البصمه | X103: غياب بدون اذن | Y103: جزاء غياب بدون اذن | Z103: المرضى | AA103: قيمة المرضى | AB103: الراتب التاميني | AC103: تأمينات وضرائب | AD103: الانحرافات | AE103: عجز منتجات& عهدة
A104: =+'فرع الزقازيق'!A29 -> 0 | B104: =+'فرع الزقازيق'!B29 -> 0 | C104: =+'فرع الزقازيق'!C29 -> 0 | D104: =+'فرع الزقازيق'!D29 -> 0 | E104: =+'فرع الزقازيق'!E29 -> 0 | F104: =+'فرع الزقازيق'!F29 -> 0 | G104: =+'فرع الزقازيق'!G29 -> 0 | H104: =+'فرع الزقازيق'!H29 -> 0 | ... AH104: =+'فرع الزقازيق'!AH29 -> 0
A106: الكود | B106: الاسم | C106: الفرع | D106: الوظيفة | E106: ساعات العمل | F106: الراتب | G106: الاستحقاق | P106: الاستقطاع | AF106: اجمالى الاستقطاع | AG106: صافى الراتب | AH106: ملاحظات
G107: ايام العمل | H107: قيمة ايام العمل | I107: الاضافى بالساعات | J107: قيمة الاضافى | K107: بدل اجازات | L107: قيمة بدل الاجازات | M107: مكافأة | N107: اخرى | O107: اجمالى الاستحقاق | P107: ساعات التاخير | Q107: قيمة ساعات التأخير | R107: سلف | S107: سلفة مرحله | T107: جزاء ادارى | U107: قيمة الجزاء الادارى | V107: جزاء البصمه | W107: قيمة جزاء البصمه | X107: غياب بدون اذن | Y107: جزاء غياب بدون اذن | Z107: المرضى | AA107: قيمة المرضى | AB107: الراتب التاميني | AC107: تأمينات وضرائب | AD107: الانحرافات | AE107: عجز منتجات& عهدة
A108: =+'فرع الزقازيق'!A30 -> 0 | B108: =+'فرع الزقازيق'!B30 -> 0 | C108: =+'فرع الزقازيق'!C30 -> 0 | D108: =+'فرع الزقازيق'!D30 -> 0 | E108: =+'فرع الزقازيق'!E30 -> 0 | F108: =+'فرع الزقازيق'!F30 -> 0 | G108: =+'فرع الزقازيق'!G30 -> 0 | H108: =+'فرع الزقازيق'!H30 -> 0 | ... AH108: =+'فرع الزقازيق'!AH30 -> 0
A110: الكود | B110: الاسم | C110: الفرع | D110: الوظيفة | E110: ساعات العمل | F110: الراتب | G110: الاستحقاق | P110: الاستقطاع | AF110: اجمالى الاستقطاع | AG110: صافى الراتب | AH110: ملاحظات
G111: ايام العمل | H111: قيمة ايام العمل | I111: الاضافى بالساعات | J111: قيمة الاضافى | K111: بدل اجازات | L111: قيمة بدل الاجازات | M111: مكافأة | N111: اخرى | O111: اجمالى الاستحقاق | P111: ساعات التاخير | Q111: قيمة ساعات التأخير | R111: سلف | S111: سلفة مرحله | T111: جزاء ادارى | U111: قيمة الجزاء الادارى | V111: جزاء البصمه | W111: قيمة جزاء البصمه | X111: غياب بدون اذن | Y111: جزاء غياب بدون اذن | Z111: المرضى | AA111: قيمة المرضى | AB111: الراتب التاميني | AC111: تأمينات وضرائب | AD111: الانحرافات | AE111: عجز منتجات& عهدة
A112: =+'فرع الزقازيق'!A31 -> 0 | B112: =+'فرع الزقازيق'!B31 -> 0 | C112: =+'فرع الزقازيق'!C31 -> 0 | D112: =+'فرع الزقازيق'!D31 -> 0 | E112: =+'فرع الزقازيق'!E31 -> 0 | F112: =+'فرع الزقازيق'!F31 -> 0 | G112: =+'فرع الزقازيق'!G31 -> 0 | H112: =+'فرع الزقازيق'!H31 -> 0 | ... AH112: =+'فرع الزقازيق'!AH31 -> 0
A114: الكود | B114: الاسم | C114: الفرع | D114: الوظيفة | E114: ساعات العمل | F114: الراتب | G114: الاستحقاق | P114: الاستقطاع | AF114: اجمالى الاستقطاع | AG114: صافى الراتب | AH114: ملاحظات
G115: ايام العمل | H115: قيمة ايام العمل | I115: الاضافى بالساعات | J115: قيمة الاضافى | K115: بدل اجازات | L115: قيمة بدل الاجازات | M115: مكافأة | N115: اخرى | O115: اجمالى الاستحقاق | P115: ساعات التاخير | Q115: قيمة ساعات التأخير | R115: سلف | S115: سلفة مرحله | T115: جزاء ادارى | U115: قيمة الجزاء الادارى | V115: جزاء البصمه | W115: قيمة جزاء البصمه | X115: غياب بدون اذن | Y115: جزاء غياب بدون اذن | Z115: المرضى | AA115: قيمة المرضى | AB115: الراتب التاميني | AC115: تأمينات وضرائب | AD115: الانحرافات | AE115: عجز منتجات& عهدة
A116: =+'فرع الزقازيق'!A32 -> 0 | B116: =+'فرع الزقازيق'!B32 -> 0 | C116: =+'فرع الزقازيق'!C32 -> 0 | D116: =+'فرع الزقازيق'!D32 -> 0 | E116: =+'فرع الزقازيق'!E32 -> 0 | F116: =+'فرع الزقازيق'!F32 -> 0 | G116: =+'فرع الزقازيق'!G32 -> 0 | H116: =+'فرع الزقازيق'!H32 -> 0 | ... AH116: =+'فرع الزقازيق'!AH32 -> 0
A118: الكود | B118: الاسم | C118: الفرع | D118: الوظيفة | E118: ساعات العمل | F118: الراتب | G118: الاستحقاق | P118: الاستقطاع | AF118: اجمالى الاستقطاع | AG118: صافى الراتب | AH118: ملاحظات
G119: ايام العمل | H119: قيمة ايام العمل | I119: الاضافى بالساعات | J119: قيمة الاضافى | K119: بدل اجازات | L119: قيمة بدل الاجازات | M119: مكافأة | N119: اخرى | O119: اجمالى الاستحقاق | P119: ساعات التاخير | Q119: قيمة ساعات التأخير | R119: سلف | S119: سلفة مرحله | T119: جزاء ادارى | U119: قيمة الجزاء الادارى | V119: جزاء البصمه | W119: قيمة جزاء البصمه | X119: غياب بدون اذن | Y119: جزاء غياب بدون اذن | Z119: المرضى | AA119: قيمة المرضى | AB119: الراتب التاميني | AC119: تأمينات وضرائب | AD119: الانحرافات | AE119: عجز منتجات& عهدة
A120: =+'فرع الزقازيق'!A33 -> 0 | B120: =+'فرع الزقازيق'!B33 -> 0 | C120: =+'فرع الزقازيق'!C33 -> 0 | D120: =+'فرع الزقازيق'!D33 -> 0 | E120: =+'فرع الزقازيق'!E33 -> 0 | F120: =+'فرع الزقازيق'!F33 -> 0 | G120: =+'فرع الزقازيق'!G33 -> 0 | H120: =+'فرع الزقازيق'!H33 -> 0 | ... AH120: =+'فرع الزقازيق'!AH33 -> 0
A122: الكود | B122: الاسم | C122: الفرع | D122: الوظيفة | E122: ساعات العمل | F122: الراتب | G122: الاستحقاق | P122: الاستقطاع | AF122: اجمالى الاستقطاع | AG122: صافى الراتب | AH122: ملاحظات
G123: ايام العمل | H123: قيمة ايام العمل | I123: الاضافى بالساعات | J123: قيمة الاضافى | K123: بدل اجازات | L123: قيمة بدل الاجازات | M123: مكافأة | N123: اخرى | O123: اجمالى الاستحقاق | P123: ساعات التاخير | Q123: قيمة ساعات التأخير | R123: سلف | S123: سلفة مرحله | T123: جزاء ادارى | U123: قيمة الجزاء الادارى | V123: جزاء البصمه | W123: قيمة جزاء البصمه | X123: غياب بدون اذن | Y123: جزاء غياب بدون اذن | Z123: المرضى | AA123: قيمة المرضى | AB123: الراتب التاميني | AC123: تأمينات وضرائب | AD123: الانحرافات | AE123: عجز منتجات& عهدة
A124: =+'فرع الزقازيق'!A34 -> 0 | B124: =+'فرع الزقازيق'!B34 -> 0 | C124: =+'فرع الزقازيق'!C34 -> 0 | D124: =+'فرع الزقازيق'!D34 -> 0 | E124: =+'فرع الزقازيق'!E34 -> 0 | F124: =+'فرع الزقازيق'!F34 -> 0 | G124: =+'فرع الزقازيق'!G34 -> 0 | H124: =+'فرع الزقازيق'!H34 -> 0 | ... AH124: =+'فرع الزقازيق'!AH34 -> 0
A126: الكود | B126: الاسم | C126: الفرع | D126: الوظيفة | E126: ساعات العمل | F126: الراتب | G126: الاستحقاق | P126: الاستقطاع | AF126: اجمالى الاستقطاع | AG126: صافى الراتب | AH126: ملاحظات
G127: ايام العمل | H127: قيمة ايام العمل | I127: الاضافى بالساعات | J127: قيمة الاضافى | K127: بدل اجازات | L127: قيمة بدل الاجازات | M127: مكافأة | N127: اخرى | O127: اجمالى الاستحقاق | P127: ساعات التاخير | Q127: قيمة ساعات التأخير | R127: سلف | S127: سلفة مرحله | T127: جزاء ادارى | U127: قيمة الجزاء الادارى | V127: جزاء البصمه | W127: قيمة جزاء البصمه | X127: غياب بدون اذن | Y127: جزاء غياب بدون اذن | Z127: المرضى | AA127: قيمة المرضى | AB127: الراتب التاميني | AC127: تأمينات وضرائب | AD127: الانحرافات | AE127: عجز منتجات& عهدة
A128: =+'فرع الزقازيق'!A35 -> 0 | B128: =+'فرع الزقازيق'!B35 -> 0 | C128: =+'فرع الزقازيق'!C35 -> 0 | D128: =+'فرع الزقازيق'!D35 -> 0 | E128: =+'فرع الزقازيق'!E35 -> 0 | F128: =+'فرع الزقازيق'!F35 -> 0 | G128: =+'فرع الزقازيق'!G35 -> 0 | H128: =+'فرع الزقازيق'!H35 -> 0 | ... AH128: =+'فرع الزقازيق'!AH35 -> 0
A130: الكود | B130: الاسم | C130: الفرع | D130: الوظيفة | E130: ساعات العمل | F130: الراتب | G130: الاستحقاق | P130: الاستقطاع | AF130: اجمالى الاستقطاع | AG130: صافى الراتب | AH130: ملاحظات
G131: ايام العمل | H131: قيمة ايام العمل | I131: الاضافى بالساعات | J131: قيمة الاضافى | K131: بدل اجازات | L131: قيمة بدل الاجازات | M131: مكافأة | N131: اخرى | O131: اجمالى الاستحقاق | P131: ساعات التاخير | Q131: قيمة ساعات التأخير | R131: سلف | S131: سلفة مرحله | T131: جزاء ادارى | U131: قيمة الجزاء الادارى | V131: جزاء البصمه | W131: قيمة جزاء البصمه | X131: غياب بدون اذن | Y131: جزاء غياب بدون اذن | Z131: المرضى | AA131: قيمة المرضى | AB131: الراتب التاميني | AC131: تأمينات وضرائب | AD131: الانحرافات | AE131: عجز منتجات& عهدة
A132: =+'فرع الزقازيق'!A36 -> 0 | B132: =+'فرع الزقازيق'!B36 -> 0 | C132: =+'فرع الزقازيق'!C36 -> 0 | D132: =+'فرع الزقازيق'!D36 -> 0 | E132: =+'فرع الزقازيق'!E36 -> 0 | F132: =+'فرع الزقازيق'!F36 -> 0 | G132: =+'فرع الزقازيق'!G36 -> 0 | H132: =+'فرع الزقازيق'!H36 -> 0 | ... AH132: =+'فرع الزقازيق'!AH36 -> 0
A134: الكود | B134: الاسم | C134: الفرع | D134: الوظيفة | E134: ساعات العمل | F134: الراتب | G134: الاستحقاق | P134: الاستقطاع | AF134: اجمالى الاستقطاع | AG134: صافى الراتب | AH134: ملاحظات
...

Sheet فرع السلام
A1: مرتبات الاردنيه عن شهر 1-2025
A2: الكود | B2: الاسم | C2: الفرع | D2: الوظيفة | E2: ساعات العمل | F2: الراتب | G2: الاستحقاق | P2: الاستقطاع | AF2: اجمالى الاستقطاع | AG2: صافى الراتب | AH2: ملاحظات
G3: ايام العمل | H3: قيمة ايام العمل | I3: الاضافى بالساعات | J3: قيمة الاضافى | K3: بدل اجازات | L3: قيمة بدل الاجازات | M3: مكافأة | N3: اخرى | O3: اجمالى الاستحقاق | P3: ساعات التاخير | Q3: قيمة ساعات التأخير | R3: سلف | S3: سلفة مرحله | T3: جزاء ادارى | U3: قيمة الجزاء الادارى | V3: جزاء البصمه | W3: قيمة جزاء البصمه | X3: غياب بدون اذن | Y3: جزاء غياب بدون اذن | Z3: المرضى | AA3: قيمة المرضى | AB3: الراتب التاميني | AC3: تأمينات وضرائب | AD3: الانحرافات | AE3: عجز منتجات& عهدة

Sheet شرايط قبض السلام
A2: الكود | B2: الاسم | C2: الفرع | D2: الوظيفة | E2: ساعات العمل | F2: الراتب | P2: الاستقطاع | AF2: اجمالى الاستقطاع | AG2: صافى الراتب | AH2: ملاحظات
G3: ايام العمل | H3: قيمة ايام العمل | I3: الاضافى بالساعات | J3: قيمة الاضافى | K3: بدل اجازات | L3: قيمة بدل الاجازات | M3: مكافأة | N3: اخرى | O3: اجمالى الاستحقاق | P3: ساعات التاخير | Q3: قيمة ساعات التأخير | R3: سلف | S3: سلفة مرحله | T3: جزاء ادارى | U3: قيمة الجزاء الادارى | V3: جزاء البصمه | W3: قيمة جزاء البصمه | X3: غياب بدون اذن | Y3: جزاء غياب بدون اذن | Z3: المرضى | AA3: قيمة المرضى | AB3: الراتب التاميني | AC3: تأمينات وضرائب | AD3: الانحرافات | AE3: عجز منتجات& عهدة
A4: =+'فرع السلام'!A4 -> 0 | B4: =+'فرع السلام'!B4 -> 0 | C4: =+'فرع السلام'!C4 -> 0 | D4: =+'فرع السلام'!D4 -> 0 | E4: =+'فرع السلام'!E4 -> 0 | F4: ='فرع السلام'!F4 -> 0 | G4: ='فرع السلام'!G4 -> 0 | H4: ='فرع السلام'!H4 -> 0 | I4: ='فرع السلام'!I4 -> 0 | J4: ='فرع السلام'!J4 -> 0 | K4: ='فرع السلام'!K4 -> 0 | L4: ='فرع السلام'!L4 -> 0 | M4: ='فرع السلام'!M4 -> 0 | ... AH4: ='فرع السلام'!AH4 -> 0
A6: الكود | B6: الاسم | C6: الفرع | D6: الوظيفة | E6: ساعات العمل | F6: الراتب | G6: الاستحقاق | P6: الاستقطاع | AF6: اجمالى الاستقطاع | AG6: صافى الراتب | AH6: ملاحظات
G7: ايام العمل | H7: قيمة ايام العمل | I7: الاضافى بالساعات | J7: قيمة الاضافى | K7: بدل اجازات | L7: قيمة بدل الاجازات | M7: مكافأة | N7: اخرى | O7: اجمالى الاستحقاق | P7: ساعات التاخير | Q7: قيمة ساعات التأخير | R7: سلف | S7: سلفة مرحله | T7: جزاء ادارى | U7: قيمة الجزاء الادارى | V7: جزاء البصمه | W7: قيمة جزاء البصمه | X7: غياب بدون اذن | Y7: جزاء غياب بدون اذن | Z7: المرضى | AA7: قيمة المرضى | AB7: الراتب التاميني | AC7: تأمينات وضرائب | AD7: الانحرافات | AE7: عجز منتجات& عهدة
A8: =+'فرع السلام'!A5 -> 0 | B8: =+'فرع السلام'!B5 -> 0 | C8: =+'فرع السلام'!C5 -> 0 | D8: =+'فرع السلام'!D5 -> 0 | E8: =+'فرع السلام'!E5 -> 0 | F8: =+'فرع السلام'!F5 -> 0 | G8: =+'فرع السلام'!G5 -> 0 | H8: =+'فرع السلام'!H5 -> 0 | ... AH8: =+'فرع السلام'!AH5 -> 0
A10: الكود | B10: الاسم | C10: الفرع | D10: الوظيفة | E10: ساعات العمل | F10: الراتب | G10: الاستحقاق | P10: الاستقطاع | AF10: اجمالى الاستقطاع | AG10: صافى الراتب | AH10: ملاحظات
G11: ايام العمل | H11: قيمة ايام العمل | I11: الاضافى بالساعات | J11: قيمة الاضافى | K11: بدل اجازات | L11: قيمة بدل الاجازات | M11: مكافأة | N11: اخرى | O11: اجمالى الاستحقاق | P11: ساعات التاخير | Q11: قيمة ساعات التأخير | R11: سلف | S11: سلفة مرحله | T11: جزاء ادارى | U11: قيمة الجزاء الادارى | V11: جزاء البصمه | W11: قيمة جزاء البصمه | X11: غياب بدون اذن | Y11: جزاء غياب بدون اذن | Z11: المرضى | AA11: قيمة المرضى | AB11: الراتب التاميني | AC11: تأمينات وضرائب | AD11: الانحرافات | AE11: عجز منتجات& عهدة
A12: =+'فرع السلام'!A6 -> 0 | B12: =+'فرع السلام'!B6 -> 0 | C12: =+'فرع السلام'!C6 -> 0 | D12: =+'فرع السلام'!D6 -> 0 | E12: =+'فرع السلام'!E6 -> 0 | F12: =+'فرع السلام'!F6 -> 0 | G12: =+'فرع السلام'!G6 -> 0 | H12: =+'فرع السلام'!H6 -> 0 | ... AH12: =+'فرع السلام'!AH6 -> 0
A14: الكود | B14: الاسم | C14: الفرع | D14: الوظيفة | E14: ساعات العمل | F14: الراتب | G14: الاستحقاق | P14: الاستقطاع | AF14: اجمالى الاستقطاع | AG14: صافى الراتب | AH14: ملاحظات
G15: ايام العمل | H15: قيمة ايام العمل | I15: الاضافى بالساعات | J15: قيمة الاضافى | K15: بدل اجازات | L15: قيمة بدل الاجازات | M15: مكافأة | N15: اخرى | O15: اجمالى الاستحقاق | P15: ساعات التاخير | Q15: قيمة ساعات التأخير | R15: سلف | S15: سلفة مرحله | T15: جزاء ادارى | U15: قيمة الجزاء الادارى | V15: جزاء البصمه | W15: قيمة جزاء البصمه | X15: غياب بدون اذن | Y15: جزاء غياب بدون اذن | Z15: المرضى | AA15: قيمة المرضى | AB15: الراتب التاميني | AC15: تأمينات وضرائب | AD15: الانحرافات | AE15: عجز منتجات& عهدة
A16: =+'فرع السلام'!A7 -> 0 | B16: =+'فرع السلام'!B7 -> 0 | C16: =+'فرع السلام'!C7 -> 0 | D16: =+'فرع السلام'!D7 -> 0 | E16: =+'فرع السلام'!E7 -> 0 | F16: =+'فرع السلام'!F7 -> 0 | G16: =+'فرع السلام'!G7 -> 0 | H16: =+'فرع السلام'!H7 -> 0 | ... AH16: =+'فرع السلام'!AH7 -> 0
A18: الكود | B18: الاسم | C18: الفرع | D18: الوظيفة | E18: ساعات العمل | F18: الراتب | G18: الاستحقاق | P18: الاستقطاع | AF18: اجمالى الاستقطاع | AG18: صافى الراتب | AH18: ملاحظات
G19: ايام العمل | H19: قيمة ايام العمل | I19: الاضافى بالساعات | J19: قيمة الاضافى | K19: بدل اجازات | L19: قيمة بدل الاجازات | M19: مكافأة | N19: اخرى | O19: اجمالى الاستحقاق | P19: ساعات التاخير | Q19: قيمة ساعات التأخير | R19: سلف | S19: سلفة مرحله | T19: جزاء ادارى | U19: قيمة الجزاء الادارى | V19: جزاء البصمه | W19: قيمة جزاء البصمه | X19: غياب بدون اذن | Y19: جزاء غياب بدون اذن | Z19: المرضى | AA19: قيمة المرضى | AB19: الراتب التاميني | AC19: تأمينات وضرائب | AD19: الانحرافات | AE19: عجز منتجات& عهدة
A20: =+'فرع السلام'!A8 -> 0 | B20: =+'فرع السلام'!B8 -> 0 | C20: =+'فرع السلام'!C8 -> 0 | D20: =+'فرع السلام'!D8 -> 0 | E20: =+'فرع السلام'!E8 -> 0 | F20: =+'فرع السلام'!F8 -> 0 | G20: =+'فرع السلام'!G8 -> 0 | H20: =+'فرع السلام'!H8 -> 0 | ... AH20: =+'فرع السلام'!AH8 -> 0
A22: الكود | B22: الاسم | C22: الفرع | D22: الوظيفة | E22: ساعات العمل | F22: الراتب | G22: الاستحقاق | P22: الاستقطاع | AF22: اجمالى الاستقطاع | AG22: صافى الراتب | AH22: ملاحظات
G23: ايام العمل | H23: قيمة ايام العمل | I23: الاضافى بالساعات | J23: قيمة الاضافى | K23: بدل اجازات | L23: قيمة بدل الاجازات | M23: مكافأة | N23: اخرى | O23: اجمالى الاستحقاق | P23: ساعات التاخير | Q23: قيمة ساعات التأخير | R23: سلف | S23: سلفة مرحله | T23: جزاء ادارى | U23: قيمة الجزاء الادارى | V23: جزاء البصمه | W23: قيمة جزاء البصمه | X23: غياب بدون اذن | Y23: جزاء غياب بدون اذن | Z23: المرضى | AA23: قيمة المرضى | AB23: الراتب التاميني | AC23: تأمينات وضرائب | AD23: الانحرافات | AE23: عجز منتجات& عهدة
A24: =+'فرع السلام'!A9 -> 0 | B24: =+'فرع السلام'!B9 -> 0 | C24: =+'فرع السلام'!C9 -> 0 | D24: =+'فرع السلام'!D9 -> 0 | E24: =+'فرع السلام'!E9 -> 0 | F24: =+'فرع السلام'!F9 -> 0 | G24: =+'فرع السلام'!G9 -> 0 | H24: =+'فرع السلام'!H9 -> 0 | ... AH24: =+'فرع السلام'!AH9 -> 0
A26: الكود | B26: الاسم | C26: الفرع | D26: الوظيفة | E26: ساعات العمل | F26: الراتب | G26: الاستحقاق | P26: الاستقطاع | AF26: اجمالى الاستقطاع | AG26: صافى الراتب | AH26: ملاحظات
G27: ايام العمل | H27: قيمة ايام العمل | I27: الاضافى بالساعات | J27: قيمة الاضافى | K27: بدل اجازات | L27: قيمة بدل الاجازات | M27: مكافأة | N27: اخرى | O27: اجمالى الاستحقاق | P27: ساعات التاخير | Q27: قيمة ساعات التأخير | R27: سلف | S27: سلفة مرحله | T27: جزاء ادارى | U27: قيمة الجزاء الادارى | V27: جزاء البصمه | W27: قيمة جزاء البصمه | X27: غياب بدون اذن | Y27: جزاء غياب بدون اذن | Z27: المرضى | AA27: قيمة المرضى | AB27: الراتب التاميني | AC27: تأمينات وضرائب | AD27: الانحرافات | AE27: عجز منتجات& عهدة
A28: =+'فرع السلام'!A10 -> 0 | B28: =+'فرع السلام'!B10 -> 0 | C28: =+'فرع السلام'!C10 -> 0 | D28: =+'فرع السلام'!D10 -> 0 | E28: =+'فرع السلام'!E10 -> 0 | F28: =+'فرع السلام'!F10 -> 0 | G28: =+'فرع السلام'!G10 -> 0 | H28: =+'فرع السلام'!H10 -> 0 | ... AH28: =+'فرع السلام'!AH10 -> 0
A30: الكود | B30: الاسم | C30: الفرع | D30: الوظيفة | E30: ساعات العمل | F30: الراتب | G30: الاستحقاق | P30: الاستقطاع | AF30: اجمالى الاستقطاع | AG30: صافى الراتب | AH30: ملاحظات
G31: ايام العمل | H31: قيمة ايام العمل | I31: الاضافى بالساعات | J31: قيمة الاضافى | K31: بدل اجازات | L31: قيمة بدل الاجازات | M31: مكافأة | N31: اخرى | O31: اجمالى الاستحقاق | P31: ساعات التاخير | Q31: قيمة ساعات التأخير | R31: سلف | S31: سلفة مرحله | T31: جزاء ادارى | U31: قيمة الجزاء الادارى | V31: جزاء البصمه | W31: قيمة جزاء البصمه | X31: غياب بدون اذن | Y31: جزاء غياب بدون اذن | Z31: المرضى | AA31: قيمة المرضى | AB31: الراتب التاميني | AC31: تأمينات وضرائب | AD31: الانحرافات | AE31: عجز منتجات& عهدة
A32: =+'فرع السلام'!A11 -> 0 | B32: =+'فرع السلام'!B11 -> 0 | C32: =+'فرع السلام'!C11 -> 0 | D32: =+'فرع السلام'!D11 -> 0 | E32: =+'فرع السلام'!E11 -> 0 | F32: =+'فرع السلام'!F11 -> 0 | G32: =+'فرع السلام'!G11 -> 0 | H32: =+'فرع السلام'!H11 -> 0 | ... AH32: =+'فرع السلام'!AH11 -> 0
A34: الكود | B34: الاسم | C34: الفرع | D34: الوظيفة | E34: ساعات العمل | F34: الراتب | G34: الاستحقاق | P34: الاستقطاع | AF34: اجمالى الاستقطاع | AG34: صافى الراتب | AH34: ملاحظات
G35: ايام العمل | H35: قيمة ايام العمل | I35: الاضافى بالساعات | J35: قيمة الاضافى | K35: بدل اجازات | L35: قيمة بدل الاجازات | M35: مكافأة | N35: اخرى | O35: اجمالى الاستحقاق | P35: ساعات التاخير | Q35: قيمة ساعات التأخير | R35: سلف | S35: سلفة مرحله | T35: جزاء ادارى | U35: قيمة الجزاء الادارى | V35: جزاء البصمه | W35: قيمة جزاء البصمه | X35: غياب بدون اذن | Y35: جزاء غياب بدون اذن | Z35: المرضى | AA35: قيمة المرضى | AB35: الراتب التاميني | AC35: تأمينات وضرائب | AD35: الانحرافات | AE35: عجز منتجات& عهدة
A36: =+'فرع السلام'!A12 -> 0 | B36: =+'فرع السلام'!B12 -> 0 | C36: =+'فرع السلام'!C12 -> 0 | D36: =+'فرع السلام'!D12 -> 0 | E36: =+'فرع السلام'!E12 -> 0 | F36: =+'فرع السلام'!F12 -> 0 | G36: =+'فرع السلام'!G12 -> 0 | H36: =+'فرع السلام'!H12 -> 0 | ... AH36: =+'فرع السلام'!AH12 -> 0
A38: الكود | B38: الاسم | C38: الفرع | D38: الوظيفة | E38: ساعات العمل | F38: الراتب | G38: الاستحقاق | P38: الاستقطاع | AF38: اجمالى الاستقطاع | AG38: صافى الراتب | AH38: ملاحظات
G39: ايام العمل | H39: قيمة ايام العمل | I39: الاضافى بالساعات | J39: قيمة الاضافى | K39: بدل اجازات | L39: قيمة بدل الاجازات | M39: مكافأة | N39: اخرى | O39: اجمالى الاستحقاق | P39: ساعات التاخير | Q39: قيمة ساعات التأخير | R39: سلف | S39: سلفة مرحله | T39: جزاء ادارى | U39: قيمة الجزاء الادارى | V39: جزاء البصمه | W39: قيمة جزاء البصمه | X39: غياب بدون اذن | Y39: جزاء غياب بدون اذن | Z39: المرضى | AA39: قيمة المرضى | AB39: الراتب التاميني | AC39: تأمينات وضرائب | AD39: الانحرافات | AE39: عجز منتجات& عهدة
A40: =+'فرع السلام'!A13 -> 0 | B40: =+'فرع السلام'!B13 -> 0 | C40: =+'فرع السلام'!C13 -> 0 | D40: =+'فرع السلام'!D13 -> 0 | E40: =+'فرع السلام'!E13 -> 0 | F40: =+'فرع السلام'!F13 -> 0 | G40: =+'فرع السلام'!G13 -> 0 | H40: =+'فرع السلام'!H13 -> 0 | ... AH40: =+'فرع السلام'!AH13 -> 0
A42: الكود | B42: الاسم | C42: الفرع | D42: الوظيفة | E42: ساعات العمل | F42: الراتب | G42: الاستحقاق | P42: الاستقطاع | AF42: اجمالى الاستقطاع | AG42: صافى الراتب | AH42: ملاحظات
G43: ايام العمل | H43: قيمة ايام العمل | I43: الاضافى بالساعات | J43: قيمة الاضافى | K43: بدل اجازات | L43: قيمة بدل الاجازات | M43: مكافأة | N43: اخرى | O43: اجمالى الاستحقاق | P43: ساعات التاخير | Q43: قيمة ساعات التأخير | R43: سلف | S43: سلفة مرحله | T43: جزاء ادارى | U43: قيمة الجزاء الادارى | V43: جزاء البصمه | W43: قيمة جزاء البصمه | X43: غياب بدون اذن | Y43: جزاء غياب بدون اذن | Z43: المرضى | AA43: قيمة المرضى | AB43: الراتب التاميني | AC43: تأمينات وضرائب | AD43: الانحرافات | AE43: عجز منتجات& عهدة
A44: =+'فرع السلام'!A14 -> 0 | B44: =+'فرع السلام'!B14 -> 0 | C44: =+'فرع السلام'!C14 -> 0 | D44: =+'فرع السلام'!D14 -> 0 | E44: =+'فرع السلام'!E14 -> 0 | F44: =+'فرع السلام'!F14 -> 0 | G44: =+'فرع السلام'!G14 -> 0 | H44: =+'فرع السلام'!H14 -> 0 | ... AH44: =+'فرع السلام'!AH14 -> 0
A46: الكود | B46: الاسم | C46: الفرع | D46: الوظيفة | E46: ساعات العمل | F46: الراتب | G46: الاستحقاق | P46: الاستقطاع | AF46: اجمالى الاستقطاع | AG46: صافى الراتب | AH46: ملاحظات
G47: ايام العمل | H47: قيمة ايام العمل | I47: الاضافى بالساعات | J47: قيمة الاضافى | K47: بدل اجازات | L47: قيمة بدل الاجازات | M47: مكافأة | N47: اخرى | O47: اجمالى الاستحقاق | P47: ساعات التاخير | Q47: قيمة ساعات التأخير | R47: سلف | S47: سلفة مرحله | T47: جزاء ادارى | U47: قيمة الجزاء الادارى | V47: جزاء البصمه | W47: قيمة جزاء البصمه | X47: غياب بدون اذن | Y47: جزاء غياب بدون اذن | Z47: المرضى | AA47: قيمة المرضى | AB47: الراتب التاميني | AC47: تأمينات وضرائب | AD47: الانحرافات | AE47: عجز منتجات& عهدة
A48: =+'فرع السلام'!A15 -> 0 | B48: =+'فرع السلام'!B15 -> 0 | C48: =+'فرع السلام'!C15 -> 0 | D48: =+'فرع السلام'!D15 -> 0 | E48: =+'فرع السلام'!E15 -> 0 | F48: =+'فرع السلام'!F15 -> 0 | G48: =+'فرع السلام'!G15 -> 0 | H48: =+'فرع السلام'!H15 -> 0 | ... AH48: =+'فرع السلام'!AH15 -> 0
A50: الكود | B50: الاسم | C50: الفرع | D50: الوظيفة | E50: ساعات العمل | F50: الراتب | G50: الاستحقاق | P50: الاستقطاع | AF50: اجمالى الاستقطاع | AG50: صافى الراتب | AH50: ملاحظات
G51: ايام العمل | H51: قيمة ايام العمل | I51: الاضافى بالساعات | J51: قيمة الاضافى | K51: بدل اجازات | L51: قيمة بدل الاجازات | M51: مكافأة | N51: اخرى | O51: اجمالى الاستحقاق | P51: ساعات التاخير | Q51: قيمة ساعات التأخير | R51: سلف | S51: سلفة مرحله | T51: جزاء ادارى | U51: قيمة الجزاء الادارى | V51: جزاء البصمه | W51: قيمة جزاء البصمه | X51: غياب بدون اذن | Y51: جزاء غياب بدون اذن | Z51: المرضى | AA51: قيمة المرضى | AB51: الراتب التاميني | AC51: تأمينات وضرائب | AD51: الانحرافات | AE51: عجز منتجات& عهدة
A52: =+'فرع السلام'!A16 -> 0 | B52: =+'فرع السلام'!B16 -> 0 | C52: =+'فرع السلام'!C16 -> 0 | D52: =+'فرع السلام'!D16 -> 0 | E52: =+'فرع السلام'!E16 -> 0 | F52: =+'فرع السلام'!F16 -> 0 | G52: =+'فرع السلام'!G16 -> 0 | H52: =+'فرع السلام'!H16 -> 0 | ... AH52: =+'فرع السلام'!AH16 -> 0
A54: الكود | B54: الاسم | C54: الفرع | D54: الوظيفة | E54: ساعات العمل | F54: الراتب | G54: الاستحقاق | P54: الاستقطاع | AF54: اجمالى الاستقطاع | AG54: صافى الراتب | AH54: ملاحظات
G55: ايام العمل | H55: قيمة ايام العمل | I55: الاضافى بالساعات | J55: قيمة الاضافى | K55: بدل اجازات | L55: قيمة بدل الاجازات | M55: مكافأة | N55: اخرى | O55: اجمالى الاستحقاق | P55: ساعات التاخير | Q55: قيمة ساعات التأخير | R55: سلف | S55: سلفة مرحله | T55: جزاء ادارى | U55: قيمة الجزاء الادارى | V55: جزاء البصمه | W55: قيمة جزاء البصمه | X55: غياب بدون اذن | Y55: جزاء غياب بدون اذن | Z55: المرضى | AA55: قيمة المرضى | AB55: الراتب التاميني | AC55: تأمينات وضرائب | AD55: الانحرافات | AE55: عجز منتجات& عهدة
A56: =+'فرع السلام'!A17 -> 0 | B56: =+'فرع السلام'!B17 -> 0 | C56: =+'فرع السلام'!C17 -> 0 | D56: =+'فرع السلام'!D17 -> 0 | E56: =+'فرع السلام'!E17 -> 0 | F56: =+'فرع السلام'!F17 -> 0 | G56: =+'فرع السلام'!G17 -> 0 | H56: =+'فرع السلام'!H17 -> 0 | ... AH56: =+'فرع السلام'!AH17 -> 0
A58: الكود | B58: الاسم | C58: الفرع | D58: الوظيفة | E58: ساعات العمل | F58: الراتب | G58: الاستحقاق | P58: الاستقطاع | AF58: اجمالى الاستقطاع | AG58: صافى الراتب | AH58: ملاحظات
G59: ايام العمل | H59: قيمة ايام العمل | I59: الاضافى بالساعات | J59: قيمة الاضافى | K59: بدل اجازات | L59: قيمة بدل الاجازات | M59: مكافأة | N59: اخرى | O59: اجمالى الاستحقاق | P59: ساعات التاخير | Q59: قيمة ساعات التأخير | R59: سلف | S59: سلفة مرحله | T59: جزاء ادارى | U59: قيمة الجزاء الادارى | V59: جزاء البصمه | W59: قيمة جزاء البصمه | X59: غياب بدون اذن | Y59: جزاء غياب بدون اذن | Z59: المرضى | AA59: قيمة المرضى | AB59: الراتب التاميني | AC59: تأمينات وضرائب | AD59: الانحرافات | AE59: عجز منتجات& عهدة
A60: =+'فرع السلام'!A18 -> 0 | B60: =+'فرع السلام'!B18 -> 0 | C60: =+'فرع السلام'!C18 -> 0 | D60: =+'فرع السلام'!D18 -> 0 | E60: =+'فرع السلام'!E18 -> 0 | F60: =+'فرع السلام'!F18 -> 0 | G60: =+'فرع السلام'!G18 -> 0 | H60: =+'فرع السلام'!H18 -> 0 | ... AH60: =+'فرع السلام'!AH18 -> 0
A62: الكود | B62: الاسم | C62: الفرع | D62: الوظيفة | E62: ساعات العمل | F62: الراتب | G62: الاستحقاق | P62: الاستقطاع | AF62: اجمالى الاستقطاع | AG62: صافى الراتب | AH62: ملاحظات
G63: ايام العمل | H63: قيمة ايام العمل | I63: الاضافى بالساعات | J63: قيمة الاضافى | K63: بدل اجازات | L63: قيمة بدل الاجازات | M63: مكافأة | N63: اخرى | O63: اجمالى الاستحقاق | P63: ساعات التاخير | Q63: قيمة ساعات التأخير | R63: سلف | S63: سلفة مرحله | T63: جزاء ادارى | U63: قيمة الجزاء الادارى | V63: جزاء البصمه | W63: قيمة جزاء البصمه | X63: غياب بدون اذن | Y63: جزاء غياب بدون اذن | Z63: المرضى | AA63: قيمة المرضى | AB63: الراتب التاميني | AC63: تأمينات وضرائب | AD63: الانحرافات | AE63: عجز منتجات& عهدة
A64: =+'فرع السلام'!A19 -> 0 | B64: =+'فرع السلام'!B19 -> 0 | C64: =+'فرع السلام'!C19 -> 0 | D64: =+'فرع السلام'!D19 -> 0 | E64: =+'فرع السلام'!E19 -> 0 | F64: =+'فرع السلام'!F19 -> 0 | G64: =+'فرع السلام'!G19 -> 0 | H64: =+'فرع السلام'!H19 -> 0 | ... AH64: =+'فرع السلام'!AH19 -> 0
A66: الكود | B66: الاسم | C66: الفرع | D66: الوظيفة | E66: ساعات العمل | F66: الراتب | G66: الاستحقاق | P66: الاستقطاع | AF66: اجمالى الاستقطاع | AG66: صافى الراتب | AH66: ملاحظات
G67: ايام العمل | H67: قيمة ايام العمل | I67: الاضافى بالساعات | J67: قيمة الاضافى | K67: بدل اجازات | L67: قيمة بدل الاجازات | M67: مكافأة | N67: اخرى | O67: اجمالى الاستحقاق | P67: ساعات التاخير | Q67: قيمة ساعات التأخير | R67: سلف | S67: سلفة مرحله | T67: جزاء ادارى | U67: قيمة الجزاء الادارى | V67: جزاء البصمه | W67: قيمة جزاء البصمه | X67: غياب بدون اذن | Y67: جزاء غياب بدون اذن | Z67: المرضى | AA67: قيمة المرضى | AB67: الراتب التاميني | AC67: تأمينات وضرائب | AD67: الانحرافات | AE67: عجز منتجات& عهدة
A68: =+'فرع السلام'!A20 -> 0 | B68: =+'فرع السلام'!B20 -> 0 | C68: =+'فرع السلام'!C20 -> 0 | D68: =+'فرع السلام'!D20 -> 0 | E68: =+'فرع السلام'!E20 -> 0 | F68: =+'فرع السلام'!F20 -> 0 | G68: =+'فرع السلام'!G20 -> 0 | H68: =+'فرع السلام'!H20 -> 0 | ... AH68: =+'فرع السلام'!AH20 -> 0
A70: الكود | B70: الاسم | C70: الفرع | D70: الوظيفة | E70: ساعات العمل | F70: الراتب | G70: الاستحقاق | P70: الاستقطاع | AF70: اجمالى الاستقطاع | AG70: صافى الراتب | AH70: ملاحظات
G71: ايام العمل | H71: قيمة ايام العمل | I71: الاضافى بالساعات | J71: قيمة الاضافى | K71: بدل اجازات | L71: قيمة بدل الاجازات | M71: مكافأة | N71: اخرى | O71: اجمالى الاستحقاق | P71: ساعات التاخير | Q71: قيمة ساعات التأخير | R71: سلف | S71: سلفة مرحله | T71: جزاء ادارى | U71: قيمة الجزاء الادارى | V71: جزاء البصمه | W71: قيمة جزاء البصمه | X71: غياب بدون اذن | Y71: جزاء غياب بدون اذن | Z71: المرضى | AA71: قيمة المرضى | AB71: الراتب التاميني | AC71: تأمينات وضرائب | AD71: الانحرافات | AE71: عجز منتجات& عهدة
A72: =+'فرع السلام'!A21 -> 0 | B72: =+'فرع السلام'!B21 -> 0 | C72: =+'فرع السلام'!C21 -> 0 | D72: =+'فرع السلام'!D21 -> 0 | E72: =+'فرع السلام'!E21 -> 0 | F72: =+'فرع السلام'!F21 -> 0 | G72: =+'فرع السلام'!G21 -> 0 | H72: =+'فرع السلام'!H21 -> 0 | ... AH72: =+'فرع السلام'!AH21 -> 0
A74: الكود | B74: الاسم | C74: الفرع | D74: الوظيفة | E74: ساعات العمل | F74: الراتب | G74: الاستحقاق | P74: الاستقطاع | AF74: اجمالى الاستقطاع | AG74: صافى الراتب | AH74: ملاحظات
G75: ايام العمل | H75: قيمة ايام العمل | I75: الاضافى بالساعات | J75: قيمة الاضافى | K75: بدل اجازات | L75: قيمة بدل الاجازات | M75: مكافأة | N75: اخرى | O75: اجمالى الاستحقاق | P75: ساعات التاخير | Q75: قيمة ساعات التأخير | R75: سلف | S75: سلفة مرحله | T75: جزاء ادارى | U75: قيمة الجزاء الادارى | V75: جزاء البصمه | W75: قيمة جزاء البصمه | X75: غياب بدون اذن | Y75: جزاء غياب بدون اذن | Z75: المرضى | AA75: قيمة المرضى | AB75: الراتب التاميني | AC75: تأمينات وضرائب | AD75: الانحرافات | AE75: عجز منتجات& عهدة
A76: =+'فرع السلام'!A22 -> 0 | B76: =+'فرع السلام'!B22 -> 0 | C76: =+'فرع السلام'!C22 -> 0 | D76: =+'فرع السلام'!D22 -> 0 | E76: =+'فرع السلام'!E22 -> 0 | F76: =+'فرع السلام'!F22 -> 0 | G76: =+'فرع السلام'!G22 -> 0 | H76: =+'فرع السلام'!H22 -> 0 | ... AH76: =+'فرع السلام'!AH22 -> 0
A78: الكود | B78: الاسم | C78: الفرع | D78: الوظيفة | E78: ساعات العمل | F78: الراتب | G78: الاستحقاق | P78: الاستقطاع | AF78: اجمالى الاستقطاع | AG78: صافى الراتب | AH78: ملاحظات
G79: ايام العمل | H79: قيمة ايام العمل | I79: الاضافى بالساعات | J79: قيمة الاضافى | K79: بدل اجازات | L79: قيمة بدل الاجازات | M79: مكافأة | N79: اخرى | O79: اجمالى الاستحقاق | P79: ساعات التاخير | Q79: قيمة ساعات التأخير | R79: سلف | S79: سلفة مرحله | T79: جزاء ادارى | U79: قيمة الجزاء الادارى | V79: جزاء البصمه | W79: قيمة جزاء البصمه | X79: غياب بدون اذن | Y79: جزاء غياب بدون اذن | Z79: المرضى | AA79: قيمة المرضى | AB79: الراتب التاميني | AC79: تأمينات وضرائب | AD79: الانحرافات | AE79: عجز منتجات& عهدة
A80: =+'فرع السلام'!A23 -> 0 | B80: =+'فرع السلام'!B23 -> 0 | C80: =+'فرع السلام'!C23 -> 0 | D80: =+'فرع السلام'!D23 -> 0 | E80: =+'فرع السلام'!E23 -> 0 | F80: =+'فرع السلام'!F23 -> 0 | G80: =+'فرع السلام'!G23 -> 0 | H80: =+'فرع السلام'!H23 -> 0 | ... AH80: =+'فرع السلام'!AH23 -> 0
A82: الكود | B82: الاسم | C82: الفرع | D82: الوظيفة | E82: ساعات العمل | F82: الراتب | G82: الاستحقاق | P82: الاستقطاع | AF82: اجمالى الاستقطاع | AG82: صافى الراتب | AH82: ملاحظات
G83: ايام العمل | H83: قيمة ايام العمل | I83: الاضافى بالساعات | J83: قيمة الاضافى | K83: بدل اجازات | L83: قيمة بدل الاجازات | M83: مكافأة | N83: اخرى | O83: اجمالى الاستحقاق | P83: ساعات التاخير | Q83: قيمة ساعات التأخير | R83: سلف | S83: سلفة مرحله | T83: جزاء ادارى | U83: قيمة الجزاء الادارى | V83: جزاء البصمه | W83: قيمة جزاء البصمه | X83: غياب بدون اذن | Y83: جزاء غياب بدون اذن | Z83: المرضى | AA83: قيمة المرضى | AB83: الراتب التاميني | AC83: تأمينات وضرائب | AD83: الانحرافات | AE83: عجز منتجات& عهدة
A84: =+'فرع السلام'!A24 -> 0 | B84: =+'فرع السلام'!B24 -> 0 | C84: =+'فرع السلام'!C24 -> 0 | D84: =+'فرع السلام'!D24 -> 0 | E84: =+'فرع السلام'!E24 -> 0 | F84: =+'فرع السلام'!F24 -> 0 | G84: =+'فرع السلام'!G24 -> 0 | H84: =+'فرع السلام'!H24 -> 0 | ... AH84: =+'فرع السلام'!AH24 -> 0
A86: الكود | B86: الاسم | C86: الفرع | D86: الوظيفة | E86: ساعات العمل | F86: الراتب | G86: الاستحقاق | P86: الاستقطاع | AF86: اجمالى الاستقطاع | AG86: صافى الراتب | AH86: ملاحظات
G87: ايام العمل | H87: قيمة ايام العمل | I87: الاضافى بالساعات | J87: قيمة الاضافى | K87: بدل اجازات | L87: قيمة بدل الاجازات | M87: مكافأة | N87: اخرى | O87: اجمالى الاستحقاق | P87: ساعات التاخير | Q87: قيمة ساعات التأخير | R87: سلف | S87: سلفة مرحله | T87: جزاء ادارى | U87: قيمة الجزاء الادارى | V87: جزاء البصمه | W87: قيمة جزاء البصمه | X87: غياب بدون اذن | Y87: جزاء غياب بدون اذن | Z87: المرضى | AA87: قيمة المرضى | AB87: الراتب التاميني | AC87: تأمينات وضرائب | AD87: الانحرافات | AE87: عجز منتجات& عهدة
A88: =+'فرع السلام'!A25 -> 0 | B88: =+'فرع السلام'!B25 -> 0 | C88: =+'فرع السلام'!C25 -> 0 | D88: =+'فرع السلام'!D25 -> 0 | E88: =+'فرع السلام'!E25 -> 0 | F88: =+'فرع السلام'!F25 -> 0 | G88: =+'فرع السلام'!G25 -> 0 | H88: =+'فرع السلام'!H25 -> 0 | ... AH88: =+'فرع السلام'!AH25 -> 0
A90: الكود | B90: الاسم | C90: الفرع | D90: الوظيفة | E90: ساعات العمل | F90: الراتب | G90: الاستحقاق | P90: الاستقطاع | AF90: اجمالى الاستقطاع | AG90: صافى الراتب | AH90: ملاحظات
G91: ايام العمل | H91: قيمة ايام العمل | I91: الاضافى بالساعات | J91: قيمة الاضافى | K91: بدل اجازات | L91: قيمة بدل الاجازات | M91: مكافأة | N91: اخرى | O91: اجمالى الاستحقاق | P91: ساعات التاخير | Q91: قيمة ساعات التأخير | R91: سلف | S91: سلفة مرحله | T91: جزاء ادارى | U91: قيمة الجزاء الادارى | V91: جزاء البصمه | W91: قيمة جزاء البصمه | X91: غياب بدون اذن | Y91: جزاء غياب بدون اذن | Z91: المرضى | AA91: قيمة المرضى | AB91: الراتب التاميني | AC91: تأمينات وضرائب | AD91: الانحرافات | AE91: عجز منتجات& عهدة
A92: =+'فرع السلام'!A26 -> 0 | B92: =+'فرع السلام'!B26 -> 0 | C92: =+'فرع السلام'!C26 -> 0 | D92: =+'فرع السلام'!D26 -> 0 | E92: =+'فرع السلام'!E26 -> 0 | F92: =+'فرع السلام'!F26 -> 0 | G92: =+'فرع السلام'!G26 -> 0 | H92: =+'فرع السلام'!H26 -> 0 | ... AH92: =+'فرع السلام'!AH26 -> 0
A94: الكود | B94: الاسم | C94: الفرع | D94: الوظيفة | E94: ساعات العمل | F94: الراتب | G94: الاستحقاق | P94: الاستقطاع | AF94: اجمالى الاستقطاع | AG94: صافى الراتب | AH94: ملاحظات
G95: ايام العمل | H95: قيمة ايام العمل | I95: الاضافى بالساعات | J95: قيمة الاضافى | K95: بدل اجازات | L95: قيمة بدل الاجازات | M95: مكافأة | N95: اخرى | O95: اجمالى الاستحقاق | P95: ساعات التاخير | Q95: قيمة ساعات التأخير | R95: سلف | S95: سلفة مرحله | T95: جزاء ادارى | U95: قيمة الجزاء الادارى | V95: جزاء البصمه | W95: قيمة جزاء البصمه | X95: غياب بدون اذن | Y95: جزاء غياب بدون اذن | Z95: المرضى | AA95: قيمة المرضى | AB95: الراتب التاميني | AC95: تأمينات وضرائب | AD95: الانحرافات | AE95: عجز منتجات& عهدة
A96: =+'فرع السلام'!A27 -> 0 | B96: =+'فرع السلام'!B27 -> 0 | C96: =+'فرع السلام'!C27 -> 0 | D96: =+'فرع السلام'!D27 -> 0 | E96: =+'فرع السلام'!E27 -> 0 | F96: =+'فرع السلام'!F27 -> 0 | G96: =+'فرع السلام'!G27 -> 0 | H96: =+'فرع السلام'!H27 -> 0 | ... AH96: =+'فرع السلام'!AH27 -> 0
A98: الكود | B98: الاسم | C98: الفرع | D98: الوظيفة | E98: ساعات العمل | F98: الراتب | G98: الاستحقاق | P98: الاستقطاع | AF98: اجمالى الاستقطاع | AG98: صافى الراتب | AH98: ملاحظات
G99: ايام العمل | H99: قيمة ايام العمل | I99: الاضافى بالساعات | J99: قيمة الاضافى | K99: بدل اجازات | L99: قيمة بدل الاجازات | M99: مكافأة | N99: اخرى | O99: اجمالى الاستحقاق | P99: ساعات التاخير | Q99: قيمة ساعات التأخير | R99: سلف | S99: سلفة مرحله | T99: جزاء ادارى | U99: قيمة الجزاء الادارى | V99: جزاء البصمه | W99: قيمة جزاء البصمه | X99: غياب بدون اذن | Y99: جزاء غياب بدون اذن | Z99: المرضى | AA99: قيمة المرضى | AB99: الراتب التاميني | AC99: تأمينات وضرائب | AD99: الانحرافات | AE99: عجز منتجات& عهدة
A100: =+'فرع السلام'!A28 -> 0 | B100: =+'فرع السلام'!B28 -> 0 | C100: =+'فرع السلام'!C28 -> 0 | D100: =+'فرع السلام'!D28 -> 0 | E100: =+'فرع السلام'!E28 -> 0 | F100: =+'فرع السلام'!F28 -> 0 | G100: =+'فرع السلام'!G28 -> 0 | H100: =+'فرع السلام'!H28 -> 0 | ... AH100: =+'فرع السلام'!AH28 -> 0
A102: الكود | B102: الاسم | C102: الفرع | D102: الوظيفة | E102: ساعات العمل | F102: الراتب | G102: الاستحقاق | P102: الاستقطاع | AF102: اجمالى الاستقطاع | AG102: صافى الراتب | AH102: ملاحظات
G103: ايام العمل | H103: قيمة ايام العمل | I103: الاضافى بالساعات | J103: قيمة الاضافى | K103: بدل اجازات | L103: قيمة بدل الاجازات | M103: مكافأة | N103: اخرى | O103: اجمالى الاستحقاق | P103: ساعات التاخير | Q103: قيمة ساعات التأخير | R103: سلف | S103: سلفة مرحله | T103: جزاء ادارى | U103: قيمة الجزاء الادارى | V103: جزاء البصمه | W103: قيمة جزاء البصمه | X103: غياب بدون اذن | Y103: جزاء غياب بدون اذن | Z103: المرضى | AA103: قيمة المرضى | AB103: الراتب التاميني | AC103: تأمينات وضرائب | AD103: الانحرافات | AE103: عجز منتجات& عهدة
A104: =+'فرع السلام'!A29 -> 0 | B104: =+'فرع السلام'!B29 -> 0 | C104: =+'فرع السلام'!C29 -> 0 | D104: =+'فرع السلام'!D29 -> 0 | E104: =+'فرع السلام'!E29 -> 0 | F104: =+'فرع السلام'!F29 -> 0 | G104: =+'فرع السلام'!G29 -> 0 | H104: =+'فرع السلام'!H29 -> 0 | ... AH104: =+'فرع السلام'!AH29 -> 0
A106: الكود | B106: الاسم | C106: الفرع | D106: الوظيفة | E106: ساعات العمل | F106: الراتب | G106: الاستحقاق | P106: الاستقطاع | AF106: اجمالى الاستقطاع | AG106: صافى الراتب | AH106: ملاحظات
G107: ايام العمل | H107: قيمة ايام العمل | I107: الاضافى بالساعات | J107: قيمة الاضافى | K107: بدل اجازات | L107: قيمة بدل الاجازات | M107: مكافأة | N107: اخرى | O107: اجمالى الاستحقاق | P107: ساعات التاخير | Q107: قيمة ساعات التأخير | R107: سلف | S107: سلفة مرحله | T107: جزاء ادارى | U107: قيمة الجزاء الادارى | V107: جزاء البصمه | W107: قيمة جزاء البصمه | X107: غياب بدون اذن | Y107: جزاء غياب بدون اذن | Z107: المرضى | AA107: قيمة المرضى | AB107: الراتب التاميني | AC107: تأمينات وضرائب | AD107: الانحرافات | AE107: عجز منتجات& عهدة
A108: =+'فرع السلام'!A30 -> 0 | B108: =+'فرع السلام'!B30 -> 0 | C108: =+'فرع السلام'!C30 -> 0 | D108: =+'فرع السلام'!D30 -> 0 | E108: =+'فرع السلام'!E30 -> 0 | F108: =+'فرع السلام'!F30 -> 0 | G108: =+'فرع السلام'!G30 -> 0 | H108: =+'فرع السلام'!H30 -> 0 | ... AH108: =+'فرع السلام'!AH30 -> 0
A110: الكود | B110: الاسم | C110: الفرع | D110: الوظيفة | E110: ساعات العمل | F110: الراتب | G110: الاستحقاق | P110: الاستقطاع | AF110: اجمالى الاستقطاع | AG110: صافى الراتب | AH110: ملاحظات
G111: ايام العمل | H111: قيمة ايام العمل | I111: الاضافى بالساعات | J111: قيمة الاضافى | K111: بدل اجازات | L111: قيمة بدل الاجازات | M111: مكافأة | N111: اخرى | O111: اجمالى الاستحقاق | P111: ساعات التاخير | Q111: قيمة ساعات التأخير | R111: سلف | S111: سلفة مرحله | T111: جزاء ادارى | U111: قيمة الجزاء الادارى | V111: جزاء البصمه | W111: قيمة جزاء البصمه | X111: غياب بدون اذن | Y111: جزاء غياب بدون اذن | Z111: المرضى | AA111: قيمة المرضى | AB111: الراتب التاميني | AC111: تأمينات وضرائب | AD111: الانحرافات | AE111: عجز منتجات& عهدة
A112: =+'فرع السلام'!A31 -> 0 | B112: =+'فرع السلام'!B31 -> 0 | C112: =+'فرع السلام'!C31 -> 0 | D112: =+'فرع السلام'!D31 -> 0 | E112: =+'فرع السلام'!E31 -> 0 | F112: =+'فرع السلام'!F31 -> 0 | G112: =+'فرع السلام'!G31 -> 0 | H112: =+'فرع السلام'!H31 -> 0 | ... AH112: =+'فرع السلام'!AH31 -> 0
A114: الكود | B114: الاسم | C114: الفرع | D114: الوظيفة | E114: ساعات العمل | F114: الراتب | G114: الاستحقاق | P114: الاستقطاع | AF114: اجمالى الاستقطاع | AG114: صافى الراتب | AH114: ملاحظات
G115: ايام العمل | H115: قيمة ايام العمل | I115: الاضافى بالساعات | J115: قيمة الاضافى | K115: بدل اجازات | L115: قيمة بدل الاجازات | M115: مكافأة | N115: اخرى | O115: اجمالى الاستحقاق | P115: ساعات التاخير | Q115: قيمة ساعات التأخير | R115: سلف | S115: سلفة مرحله | T115: جزاء ادارى | U115: قيمة الجزاء الادارى | V115: جزاء البصمه | W115: قيمة جزاء البصمه | X115: غياب بدون اذن | Y115: جزاء غياب بدون اذن | Z115: المرضى | AA115: قيمة المرضى | AB115: الراتب التاميني | AC115: تأمينات وضرائب | AD115: الانحرافات | AE115: عجز منتجات& عهدة
A116: =+'فرع السلام'!A32 -> 0 | B116: =+'فرع السلام'!B32 -> 0 | C116: =+'فرع السلام'!C32 -> 0 | D116: =+'فرع السلام'!D32 -> 0 | E116: =+'فرع السلام'!E32 -> 0 | F116: =+'فرع السلام'!F32 -> 0 | G116: =+'فرع السلام'!G32 -> 0 | H116: =+'فرع السلام'!H32 -> 0 | ... AH116: =+'فرع السلام'!AH32 -> 0
A118: الكود | B118: الاسم | C118: الفرع | D118: الوظيفة | E118: ساعات العمل | F118: الراتب | G118: الاستحقاق | P118: الاستقطاع | AF118: اجمالى الاستقطاع | AG118: صافى الراتب | AH118: ملاحظات
G119: ايام العمل | H119: قيمة ايام العمل | I119: الاضافى بالساعات | J119: قيمة الاضافى | K119: بدل اجازات | L119: قيمة بدل الاجازات | M119: مكافأة | N119: اخرى | O119: اجمالى الاستحقاق | P119: ساعات التاخير | Q119: قيمة ساعات التأخير | R119: سلف | S119: سلفة مرحله | T119: جزاء ادارى | U119: قيمة الجزاء الادارى | V119: جزاء البصمه | W119: قيمة جزاء البصمه | X119: غياب بدون اذن | Y119: جزاء غياب بدون اذن | Z119: المرضى | AA119: قيمة المرضى | AB119: الراتب التاميني | AC119: تأمينات وضرائب | AD119: الانحرافات | AE119: عجز منتجات& عهدة
A120: =+'فرع السلام'!A33 -> 0 | B120: =+'فرع السلام'!B33 -> 0 | C120: =+'فرع السلام'!C33 -> 0 | D120: =+'فرع السلام'!D33 -> 0 | E120: =+'فرع السلام'!E33 -> 0 | F120: =+'فرع السلام'!F33 -> 0 | G120: =+'فرع السلام'!G33 -> 0 | H120: =+'فرع السلام'!H33 -> 0 | ... AH120: =+'فرع السلام'!AH33 -> 0
A122: الكود | B122: الاسم | C122: الفرع | D122: الوظيفة | E122: ساعات العمل | F122: الراتب | G122: الاستحقاق | P122: الاستقطاع | AF122: اجمالى الاستقطاع | AG122: صافى الراتب | AH122: ملاحظات
G123: ايام العمل | H123: قيمة ايام العمل | I123: الاضافى بالساعات | J123: قيمة الاضافى | K123: بدل اجازات | L123: قيمة بدل الاجازات | M123: مكافأة | N123: اخرى | O123: اجمالى الاستحقاق | P123: ساعات التاخير | Q123: قيمة ساعات التأخير | R123: سلف | S123: سلفة مرحله | T123: جزاء ادارى | U123: قيمة الجزاء الادارى | V123: جزاء البصمه | W123: قيمة جزاء البصمه | X123: غياب بدون اذن | Y123: جزاء غياب بدون اذن | Z123: المرضى | AA123: قيمة المرضى | AB123: الراتب التاميني | AC123: تأمينات وضرائب | AD123: الانحرافات | AE123: عجز منتجات& عهدة
A124: =+'فرع السلام'!A34 -> 0 | B124: =+'فرع السلام'!B34 -> 0 | C124: =+'فرع السلام'!C34 -> 0 | D124: =+'فرع السلام'!D34 -> 0 | E124: =+'فرع السلام'!E34 -> 0 | F124: =+'فرع السلام'!F34 -> 0 | G124: =+'فرع السلام'!G34 -> 0 | H124: =+'فرع السلام'!H34 -> 0 | ... AH124: =+'فرع السلام'!AH34 -> 0
A126: الكود | B126: الاسم | C126: الفرع | D126: الوظيفة | E126: ساعات العمل | F126: الراتب | G126: الاستحقاق | P126: الاستقطاع | AF126: اجمالى الاستقطاع | AG126: صافى الراتب | AH126: ملاحظات
G127: ايام العمل | H127: قيمة ايام العمل | I127: الاضافى بالساعات | J127: قيمة الاضافى | K127: بدل اجازات | L127: قيمة بدل الاجازات | M127: مكافأة | N127: اخرى | O127: اجمالى الاستحقاق | P127: ساعات التاخير | Q127: قيمة ساعات التأخير | R127: سلف | S127: سلفة مرحله | T127: جزاء ادارى | U127: قيمة الجزاء الادارى | V127: جزاء البصمه | W127: قيمة جزاء البصمه | X127: غياب بدون اذن | Y127: جزاء غياب بدون اذن | Z127: المرضى | AA127: قيمة المرضى | AB127: الراتب التاميني | AC127: تأمينات وضرائب | AD127: الانحرافات | AE127: عجز منتجات& عهدة
A128: =+'فرع السلام'!A35 -> 0 | B128: =+'فرع السلام'!B35 -> 0 | C128: =+'فرع السلام'!C35 -> 0 | D128: =+'فرع السلام'!D35 -> 0 | E128: =+'فرع السلام'!E35 -> 0 | F128: =+'فرع السلام'!F35 -> 0 | G128: =+'فرع السلام'!G35 -> 0 | H128: =+'فرع السلام'!H35 -> 0 | ... AH128: =+'فرع السلام'!AH35 -> 0
A130: الكود | B130: الاسم | C130: الفرع | D130: الوظيفة | E130: ساعات العمل | F130: الراتب | G130: الاستحقاق | P130: الاستقطاع | AF130: اجمالى الاستقطاع | AG130: صافى الراتب | AH130: ملاحظات
G131: ايام العمل | H131: قيمة ايام العمل | I131: الاضافى بالساعات | J131: قيمة الاضافى | K131: بدل اجازات | L131: قيمة بدل الاجازات | M131: مكافأة | N131: اخرى | O131: اجمالى الاستحقاق | P131: ساعات التاخير | Q131: قيمة ساعات التأخير | R131: سلف | S131: سلفة مرحله | T131: جزاء ادارى | U131: قيمة الجزاء الادارى | V131: جزاء البصمه | W131: قيمة جزاء البصمه | X131: غياب بدون اذن | Y131: جزاء غياب بدون اذن | Z131: المرضى | AA131: قيمة المرضى | AB131: الراتب التاميني | AC131: تأمينات وضرائب | AD131: الانحرافات | AE131: عجز منتجات& عهدة
A132: =+'فرع السلام'!A36 -> 0 | B132: =+'فرع السلام'!B36 -> 0 | C132: =+'فرع السلام'!C36 -> 0 | D132: =+'فرع السلام'!D36 -> 0 | E132: =+'فرع السلام'!E36 -> 0 | F132: =+'فرع السلام'!F36 -> 0 | G132: =+'فرع السلام'!G36 -> 0 | H132: =+'فرع السلام'!H36 -> 0 | ... AH132: =+'فرع السلام'!AH36 -> 0
A134: الكود | B134: الاسم | C134: الفرع | D134: الوظيفة | E134: ساعات العمل | F134: الراتب | G134: الاستحقاق | P134: الاستقطاع | AF134: اجمالى الاستقطاع | AG134: صافى الراتب | AH134: ملاحظات
...

Sheet مركز التجهيزات
A1: مرتبات الاردنيه عن شهر 1-2025
A2: الكود | B2: الاسم | C2: الفرع | D2: الوظيفة | E2: ساعات العمل | F2: الراتب | G2: الاستحقاق | P2: الاستقطاع | AF2: اجمالى الاستقطاع | AG2: صافى الراتب | AH2: ملاحظات
G3: ايام العمل | H3: قيمة ايام العمل | I3: الاضافى بالساعات | J3: قيمة الاضافى | K3: بدل اجازات | L3: قيمة بدل الاجازات | M3: مكافأة | N3: اخرى | O3: اجمالى الاستحقاق | P3: ساعات التاخير | Q3: قيمة ساعات التأخير | R3: سلف | S3: سلفة مرحله | T3: جزاء ادارى | U3: قيمة الجزاء الادارى | V3: جزاء البصمه | W3: قيمة جزاء البصمه | X3: غياب بدون اذن | Y3: جزاء غياب بدون اذن | Z3: المرضى | AA3: قيمة المرضى | AB3: الراتب التاميني | AC3: تأمينات وضرائب | AD3: الانحرافات | AE3: عجز منتجات& عهدة

Sheet شرايط قبض مركز التجهيزات
A2: الكود | B2: الاسم | C2: الفرع | D2: الوظيفة | E2: ساعات العمل | F2: الراتب | P2: الاستقطاع | AF2: اجمالى الاستقطاع | AG2: صافى الراتب | AH2: ملاحظات
G3: ايام العمل | H3: قيمة ايام العمل | I3: الاضافى بالساعات | J3: قيمة الاضافى | K3: بدل اجازات | L3: قيمة بدل الاجازات | M3: مكافأة | N3: اخرى | O3: اجمالى الاستحقاق | P3: ساعات التاخير | Q3: قيمة ساعات التأخير | R3: سلف | S3: سلفة مرحله | T3: جزاء ادارى | U3: قيمة الجزاء الادارى | V3: جزاء البصمه | W3: قيمة جزاء البصمه | X3: غياب بدون اذن | Y3: جزاء غياب بدون اذن | Z3: المرضى | AA3: قيمة المرضى | AB3: الراتب التاميني | AC3: تأمينات وضرائب | AD3: الانحرافات | AE3: عجز منتجات& عهدة
A4: =+'مركز التجهيزات'!A4 -> 0 | B4: =+'مركز التجهيزات'!B4 -> 0 | C4: =+'مركز التجهيزات'!C4 -> 0 | D4: =+'مركز التجهيزات'!D4 -> 0 | E4: =+'مركز التجهيزات'!E4 -> 0 | F4: ='مركز التجهيزات'!F4 -> 0 | G4: ='مركز التجهيزات'!G4 -> 0 | H4: ='مركز التجهيزات'!H4 -> 0 | I4: ='مركز التجهيزات'!I4 -> 0 | J4: ='مركز التجهيزات'!J4 -> 0 | K4: ='مركز التجهيزات'!K4 -> 0 | L4: ='مركز التجهيزات'!L4 -> 0 | M4: ='مركز التجهيزات'!M4 -> 0 | ... AH4: ='مركز التجهيزات'!AH4 -> 0
A6: الكود | B6: الاسم | C6: الفرع | D6: الوظيفة | E6: ساعات العمل | F6: الراتب | G6: الاستحقاق | P6: الاستقطاع | AF6: اجمالى الاستقطاع | AG6: صافى الراتب | AH6: ملاحظات
G7: ايام العمل | H7: قيمة ايام العمل | I7: الاضافى بالساعات | J7: قيمة الاضافى | K7: بدل اجازات | L7: قيمة بدل الاجازات | M7: مكافأة | N7: اخرى | O7: اجمالى الاستحقاق | P7: ساعات التاخير | Q7: قيمة ساعات التأخير | R7: سلف | S7: سلفة مرحله | T7: جزاء ادارى | U7: قيمة الجزاء الادارى | V7: جزاء البصمه | W7: قيمة جزاء البصمه | X7: غياب بدون اذن | Y7: جزاء غياب بدون اذن | Z7: المرضى | AA7: قيمة المرضى | AB7: الراتب التاميني | AC7: تأمينات وضرائب | AD7: الانحرافات | AE7: عجز منتجات& عهدة
A8: =+'مركز التجهيزات'!A5 -> 0 | B8: =+'مركز التجهيزات'!B5 -> 0 | C8: =+'مركز التجهيزات'!C5 -> 0 | D8: =+'مركز التجهيزات'!D5 -> 0 | E8: =+'مركز التجهيزات'!E5 -> 0 | F8: =+'مركز التجهيزات'!F5 -> 0 | G8: =+'مركز التجهيزات'!G5 -> 0 | H8: =+'مركز التجهيزات'!H5 -> 0 | ... AH8: =+'مركز التجهيزات'!AH5 -> 0
A10: الكود | B10: الاسم | C10: الفرع | D10: الوظيفة | E10: ساعات العمل | F10: الراتب | G10: الاستحقاق | P10: الاستقطاع | AF10: اجمالى الاستقطاع | AG10: صافى الراتب | AH10: ملاحظات
G11: ايام العمل | H11: قيمة ايام العمل | I11: الاضافى بالساعات | J11: قيمة الاضافى | K11: بدل اجازات | L11: قيمة بدل الاجازات | M11: مكافأة | N11: اخرى | O11: اجمالى الاستحقاق | P11: ساعات التاخير | Q11: قيمة ساعات التأخير | R11: سلف | S11: سلفة مرحله | T11: جزاء ادارى | U11: قيمة الجزاء الادارى | V11: جزاء البصمه | W11: قيمة جزاء البصمه | X11: غياب بدون اذن | Y11: جزاء غياب بدون اذن | Z11: المرضى | AA11: قيمة المرضى | AB11: الراتب التاميني | AC11: تأمينات وضرائب | AD11: الانحرافات | AE11: عجز منتجات& عهدة
A12: =+'مركز التجهيزات'!A6 -> 0 | B12: =+'مركز التجهيزات'!B6 -> 0 | C12: =+'مركز التجهيزات'!C6 -> 0 | D12: =+'مركز التجهيزات'!D6 -> 0 | E12: =+'مركز التجهيزات'!E6 -> 0 | F12: =+'مركز التجهيزات'!F6 -> 0 | G12: =+'مركز التجهيزات'!G6 -> 0 | H12: =+'مركز التجهيزات'!H6 -> 0 | ... AH12: =+'مركز التجهيزات'!AH6 -> 0
A14: الكود | B14: الاسم | C14: الفرع | D14: الوظيفة | E14: ساعات العمل | F14: الراتب | G14: الاستحقاق | P14: الاستقطاع | AF14: اجمالى الاستقطاع | AG14: صافى الراتب | AH14: ملاحظات
G15: ايام العمل | H15: قيمة ايام العمل | I15: الاضافى بالساعات | J15: قيمة الاضافى | K15: بدل اجازات | L15: قيمة بدل الاجازات | M15: مكافأة | N15: اخرى | O15: اجمالى الاستحقاق | P15: ساعات التاخير | Q15: قيمة ساعات التأخير | R15: سلف | S15: سلفة مرحله | T15: جزاء ادارى | U15: قيمة الجزاء الادارى | V15: جزاء البصمه | W15: قيمة جزاء البصمه | X15: غياب بدون اذن | Y15: جزاء غياب بدون اذن | Z15: المرضى | AA15: قيمة المرضى | AB15: الراتب التاميني | AC15: تأمينات وضرائب | AD15: الانحرافات | AE15: عجز منتجات& عهدة
A16: =+'مركز التجهيزات'!A7 -> 0 | B16: =+'مركز التجهيزات'!B7 -> 0 | C16: =+'مركز التجهيزات'!C7 -> 0 | D16: =+'مركز التجهيزات'!D7 -> 0 | E16: =+'مركز التجهيزات'!E7 -> 0 | F16: =+'مركز التجهيزات'!F7 -> 0 | G16: =+'مركز التجهيزات'!G7 -> 0 | H16: =+'مركز التجهيزات'!H7 -> 0 | ... AH16: =+'مركز التجهيزات'!AH7 -> 0
A18: الكود | B18: الاسم | C18: الفرع | D18: الوظيفة | E18: ساعات العمل | F18: الراتب | G18: الاستحقاق | P18: الاستقطاع | AF18: اجمالى الاستقطاع | AG18: صافى الراتب | AH18: ملاحظات
G19: ايام العمل | H19: قيمة ايام العمل | I19: الاضافى بالساعات | J19: قيمة الاضافى | K19: بدل اجازات | L19: قيمة بدل الاجازات | M19: مكافأة | N19: اخرى | O19: اجمالى الاستحقاق | P19: ساعات التاخير | Q19: قيمة ساعات التأخير | R19: سلف | S19: سلفة مرحله | T19: جزاء ادارى | U19: قيمة الجزاء الادارى | V19: جزاء البصمه | W19: قيمة جزاء البصمه | X19: غياب بدون اذن | Y19: جزاء غياب بدون اذن | Z19: المرضى | AA19: قيمة المرضى | AB19: الراتب التاميني | AC19: تأمينات وضرائب | AD19: الانحرافات | AE19: عجز منتجات& عهدة
A20: =+'مركز التجهيزات'!A8 -> 0 | B20: =+'مركز التجهيزات'!B8 -> 0 | C20: =+'مركز التجهيزات'!C8 -> 0 | D20: =+'مركز التجهيزات'!D8 -> 0 | E20: =+'مركز التجهيزات'!E8 -> 0 | F20: =+'مركز التجهيزات'!F8 -> 0 | G20: =+'مركز التجهيزات'!G8 -> 0 | H20: =+'مركز التجهيزات'!H8 -> 0 | ... AH20: =+'مركز التجهيزات'!AH8 -> 0
A22: الكود | B22: الاسم | C22: الفرع | D22: الوظيفة | E22: ساعات العمل | F22: الراتب | G22: الاستحقاق | P22: الاستقطاع | AF22: اجمالى الاستقطاع | AG22: صافى الراتب | AH22: ملاحظات
G23: ايام العمل | H23: قيمة ايام العمل | I23: الاضافى بالساعات | J23: قيمة الاضافى | K23: بدل اجازات | L23: قيمة بدل الاجازات | M23: مكافأة | N23: اخرى | O23: اجمالى الاستحقاق | P23: ساعات التاخير | Q23: قيمة ساعات التأخير | R23: سلف | S23: سلفة مرحله | T23: جزاء ادارى | U23: قيمة الجزاء الادارى | V23: جزاء البصمه | W23: قيمة جزاء البصمه | X23: غياب بدون اذن | Y23: جزاء غياب بدون اذن | Z23: المرضى | AA23: قيمة المرضى | AB23: الراتب التاميني | AC23: تأمينات وضرائب | AD23: الانحرافات | AE23: عجز منتجات& عهدة
A24: =+'مركز التجهيزات'!A9 -> 0 | B24: =+'مركز التجهيزات'!B9 -> 0 | C24: =+'مركز التجهيزات'!C9 -> 0 | D24: =+'مركز التجهيزات'!D9 -> 0 | E24: =+'مركز التجهيزات'!E9 -> 0 | F24: =+'مركز التجهيزات'!F9 -> 0 | G24: =+'مركز التجهيزات'!G9 -> 0 | H24: =+'مركز التجهيزات'!H9 -> 0 | ... AH24: =+'مركز التجهيزات'!AH9 -> 0
A26: الكود | B26: الاسم | C26: الفرع | D26: الوظيفة | E26: ساعات العمل | F26: الراتب | G26: الاستحقاق | P26: الاستقطاع | AF26: اجمالى الاستقطاع | AG26: صافى الراتب | AH26: ملاحظات
G27: ايام العمل | H27: قيمة ايام العمل | I27: الاضافى بالساعات | J27: قيمة الاضافى | K27: بدل اجازات | L27: قيمة بدل الاجازات | M27: مكافأة | N27: اخرى | O27: اجمالى الاستحقاق | P27: ساعات التاخير | Q27: قيمة ساعات التأخير | R27: سلف | S27: سلفة مرحله | T27: جزاء ادارى | U27: قيمة الجزاء الادارى | V27: جزاء البصمه | W27: قيمة جزاء البصمه | X27: غياب بدون اذن | Y27: جزاء غياب بدون اذن | Z27: المرضى | AA27: قيمة المرضى | AB27: الراتب التاميني | AC27: تأمينات وضرائب | AD27: الانحرافات | AE27: عجز منتجات& عهدة
A28: =+'مركز التجهيزات'!A10 -> 0 | B28: =+'مركز التجهيزات'!B10 -> 0 | C28: =+'مركز التجهيزات'!C10 -> 0 | D28: =+'مركز التجهيزات'!D10 -> 0 | E28: =+'مركز التجهيزات'!E10 -> 0 | F28: =+'مركز التجهيزات'!F10 -> 0 | G28: =+'مركز التجهيزات'!G10 -> 0 | H28: =+'مركز التجهيزات'!H10 -> 0 | ... AH28: =+'مركز التجهيزات'!AH10 -> 0
A30: الكود | B30: الاسم | C30: الفرع | D30: الوظيفة | E30: ساعات العمل | F30: الراتب | G30: الاستحقاق | P30: الاستقطاع | AF30: اجمالى الاستقطاع | AG30: صافى الراتب | AH30: ملاحظات
G31: ايام العمل | H31: قيمة ايام العمل | I31: الاضافى بالساعات | J31: قيمة الاضافى | K31: بدل اجازات | L31: قيمة بدل الاجازات | M31: مكافأة | N31: اخرى | O31: اجمالى الاستحقاق | P31: ساعات التاخير | Q31: قيمة ساعات التأخير | R31: سلف | S31: سلفة مرحله | T31: جزاء ادارى | U31: قيمة الجزاء الادارى | V31: جزاء البصمه | W31: قيمة جزاء البصمه | X31: غياب بدون اذن | Y31: جزاء غياب بدون اذن | Z31: المرضى | AA31: قيمة المرضى | AB31: الراتب التاميني | AC31: تأمينات وضرائب | AD31: الانحرافات | AE31: عجز منتجات& عهدة
A32: =+'مركز التجهيزات'!A11 -> 0 | B32: =+'مركز التجهيزات'!B11 -> 0 | C32: =+'مركز التجهيزات'!C11 -> 0 | D32: =+'مركز التجهيزات'!D11 -> 0 | E32: =+'مركز التجهيزات'!E11 -> 0 | F32: =+'مركز التجهيزات'!F11 -> 0 | G32: =+'مركز التجهيزات'!G11 -> 0 | H32: =+'مركز التجهيزات'!H11 -> 0 | ... AH32: =+'مركز التجهيزات'!AH11 -> 0
A34: الكود | B34: الاسم | C34: الفرع | D34: الوظيفة | E34: ساعات العمل | F34: الراتب | G34: الاستحقاق | P34: الاستقطاع | AF34: اجمالى الاستقطاع | AG34: صافى الراتب | AH34: ملاحظات
G35: ايام العمل | H35: قيمة ايام العمل | I35: الاضافى بالساعات | J35: قيمة الاضافى | K35: بدل اجازات | L35: قيمة بدل الاجازات | M35: مكافأة | N35: اخرى | O35: اجمالى الاستحقاق | P35: ساعات التاخير | Q35: قيمة ساعات التأخير | R35: سلف | S35: سلفة مرحله | T35: جزاء ادارى | U35: قيمة الجزاء الادارى | V35: جزاء البصمه | W35: قيمة جزاء البصمه | X35: غياب بدون اذن | Y35: جزاء غياب بدون اذن | Z35: المرضى | AA35: قيمة المرضى | AB35: الراتب التاميني | AC35: تأمينات وضرائب | AD35: الانحرافات | AE35: عجز منتجات& عهدة
A36: =+'مركز التجهيزات'!A12 -> 0 | B36: =+'مركز التجهيزات'!B12 -> 0 | C36: =+'مركز التجهيزات'!C12 -> 0 | D36: =+'مركز التجهيزات'!D12 -> 0 | E36: =+'مركز التجهيزات'!E12 -> 0 | F36: =+'مركز التجهيزات'!F12 -> 0 | G36: =+'مركز التجهيزات'!G12 -> 0 | H36: =+'مركز التجهيزات'!H12 -> 0 | ... AH36: =+'مركز التجهيزات'!AH12 -> 0
A38: الكود | B38: الاسم | C38: الفرع | D38: الوظيفة | E38: ساعات العمل | F38: الراتب | G38: الاستحقاق | P38: الاستقطاع | AF38: اجمالى الاستقطاع | AG38: صافى الراتب | AH38: ملاحظات
G39: ايام العمل | H39: قيمة ايام العمل | I39: الاضافى بالساعات | J39: قيمة الاضافى | K39: بدل اجازات | L39: قيمة بدل الاجازات | M39: مكافأة | N39: اخرى | O39: اجمالى الاستحقاق | P39: ساعات التاخير | Q39: قيمة ساعات التأخير | R39: سلف | S39: سلفة مرحله | T39: جزاء ادارى | U39: قيمة الجزاء الادارى | V39: جزاء البصمه | W39: قيمة جزاء البصمه | X39: غياب بدون اذن | Y39: جزاء غياب بدون اذن | Z39: المرضى | AA39: قيمة المرضى | AB39: الراتب التاميني | AC39: تأمينات وضرائب | AD39: الانحرافات | AE39: عجز منتجات& عهدة
A40: =+'مركز التجهيزات'!A13 -> 0 | B40: =+'مركز التجهيزات'!B13 -> 0 | C40: =+'مركز التجهيزات'!C13 -> 0 | D40: =+'مركز التجهيزات'!D13 -> 0 | E40: =+'مركز التجهيزات'!E13 -> 0 | F40: =+'مركز التجهيزات'!F13 -> 0 | G40: =+'مركز التجهيزات'!G13 -> 0 | H40: =+'مركز التجهيزات'!H13 -> 0 | ... AH40: =+'مركز التجهيزات'!AH13 -> 0
A42: الكود | B42: الاسم | C42: الفرع | D42: الوظيفة | E42: ساعات العمل | F42: الراتب | G42: الاستحقاق | P42: الاستقطاع | AF42: اجمالى الاستقطاع | AG42: صافى الراتب | AH42: ملاحظات
G43: ايام العمل | H43: قيمة ايام العمل | I43: الاضافى بالساعات | J43: قيمة الاضافى | K43: بدل اجازات | L43: قيمة بدل الاجازات | M43: مكافأة | N43: اخرى | O43: اجمالى الاستحقاق | P43: ساعات التاخير | Q43: قيمة ساعات التأخير | R43: سلف | S43: سلفة مرحله | T43: جزاء ادارى | U43: قيمة الجزاء الادارى | V43: جزاء البصمه | W43: قيمة جزاء البصمه | X43: غياب بدون اذن | Y43: جزاء غياب بدون اذن | Z43: المرضى | AA43: قيمة المرضى | AB43: الراتب التاميني | AC43: تأمينات وضرائب | AD43: الانحرافات | AE43: عجز منتجات& عهدة
A44: =+'مركز التجهيزات'!A14 -> 0 | B44: =+'مركز التجهيزات'!B14 -> 0 | C44: =+'مركز التجهيزات'!C14 -> 0 | D44: =+'مركز التجهيزات'!D14 -> 0 | E44: =+'مركز التجهيزات'!E14 -> 0 | F44: =+'مركز التجهيزات'!F14 -> 0 | G44: =+'مركز التجهيزات'!G14 -> 0 | H44: =+'مركز التجهيزات'!H14 -> 0 | ... AH44: =+'مركز التجهيزات'!AH14 -> 0
A46: الكود | B46: الاسم | C46: الفرع | D46: الوظيفة | E46: ساعات العمل | F46: الراتب | G46: الاستحقاق | P46: الاستقطاع | AF46: اجمالى الاستقطاع | AG46: صافى الراتب | AH46: ملاحظات
G47: ايام العمل | H47: قيمة ايام العمل | I47: الاضافى بالساعات | J47: قيمة الاضافى | K47: بدل اجازات | L47: قيمة بدل الاجازات | M47: مكافأة | N47: اخرى | O47: اجمالى الاستحقاق | P47: ساعات التاخير | Q47: قيمة ساعات التأخير | R47: سلف | S47: سلفة مرحله | T47: جزاء ادارى | U47: قيمة الجزاء الادارى | V47: جزاء البصمه | W47: قيمة جزاء البصمه | X47: غياب بدون اذن | Y47: جزاء غياب بدون اذن | Z47: المرضى | AA47: قيمة المرضى | AB47: الراتب التاميني | AC47: تأمينات وضرائب | AD47: الانحرافات | AE47: عجز منتجات& عهدة
A48: =+'مركز التجهيزات'!A15 -> 0 | B48: =+'مركز التجهيزات'!B15 -> 0 | C48: =+'مركز التجهيزات'!C15 -> 0 | D48: =+'مركز التجهيزات'!D15 -> 0 | E48: =+'مركز التجهيزات'!E15 -> 0 | F48: =+'مركز التجهيزات'!F15 -> 0 | G48: =+'مركز التجهيزات'!G15 -> 0 | H48: =+'مركز التجهيزات'!H15 -> 0 | ... AH48: =+'مركز التجهيزات'!AH15 -> 0
A50: الكود | B50: الاسم | C50: الفرع | D50: الوظيفة | E50: ساعات العمل | F50: الراتب | G50: الاستحقاق | P50: الاستقطاع | AF50: اجمالى الاستقطاع | AG50: صافى الراتب | AH50: ملاحظات
G51: ايام العمل | H51: قيمة ايام العمل | I51: الاضافى بالساعات | J51: قيمة الاضافى | K51: بدل اجازات | L51: قيمة بدل الاجازات | M51: مكافأة | N51: اخرى | O51: اجمالى الاستحقاق | P51: ساعات التاخير | Q51: قيمة ساعات التأخير | R51: سلف | S51: سلفة مرحله | T51: جزاء ادارى | U51: قيمة الجزاء الادارى | V51: جزاء البصمه | W51: قيمة جزاء البصمه | X51: غياب بدون اذن | Y51: جزاء غياب بدون اذن | Z51: المرضى | AA51: قيمة المرضى | AB51: الراتب التاميني | AC51: تأمينات وضرائب | AD51: الانحرافات | AE51: عجز منتجات& عهدة
A52: =+'مركز التجهيزات'!A16 -> 0 | B52: =+'مركز التجهيزات'!B16 -> 0 | C52: =+'مركز التجهيزات'!C16 -> 0 | D52: =+'مركز التجهيزات'!D16 -> 0 | E52: =+'مركز التجهيزات'!E16 -> 0 | F52: =+'مركز التجهيزات'!F16 -> 0 | G52: =+'مركز التجهيزات'!G16 -> 0 | H52: =+'مركز التجهيزات'!H16 -> 0 | ... AH52: =+'مركز التجهيزات'!AH16 -> 0
A54: الكود | B54: الاسم | C54: الفرع | D54: الوظيفة | E54: ساعات العمل | F54: الراتب | G54: الاستحقاق | P54: الاستقطاع | AF54: اجمالى الاستقطاع | AG54: صافى الراتب | AH54: ملاحظات
G55: ايام العمل | H55: قيمة ايام العمل | I55: الاضافى بالساعات | J55: قيمة الاضافى | K55: بدل اجازات | L55: قيمة بدل الاجازات | M55: مكافأة | N55: اخرى | O55: اجمالى الاستحقاق | P55: ساعات التاخير | Q55: قيمة ساعات التأخير | R55: سلف | S55: سلفة مرحله | T55: جزاء ادارى | U55: قيمة الجزاء الادارى | V55: جزاء البصمه | W55: قيمة جزاء البصمه | X55: غياب بدون اذن | Y55: جزاء غياب بدون اذن | Z55: المرضى | AA55: قيمة المرضى | AB55: الراتب التاميني | AC55: تأمينات وضرائب | AD55: الانحرافات | AE55: عجز منتجات& عهدة
A56: =+'مركز التجهيزات'!A17 -> 0 | B56: =+'مركز التجهيزات'!B17 -> 0 | C56: =+'مركز التجهيزات'!C17 -> 0 | D56: =+'مركز التجهيزات'!D17 -> 0 | E56: =+'مركز التجهيزات'!E17 -> 0 | F56: =+'مركز التجهيزات'!F17 -> 0 | G56: =+'مركز التجهيزات'!G17 -> 0 | H56: =+'مركز التجهيزات'!H17 -> 0 | ... AH56: =+'مركز التجهيزات'!AH17 -> 0
A58: الكود | B58: الاسم | C58: الفرع | D58: الوظيفة | E58: ساعات العمل | F58: الراتب | G58: الاستحقاق | P58: الاستقطاع | AF58: اجمالى الاستقطاع | AG58: صافى الراتب | AH58: ملاحظات
G59: ايام العمل | H59: قيمة ايام العمل | I59: الاضافى بالساعات | J59: قيمة الاضافى | K59: بدل اجازات | L59: قيمة بدل الاجازات | M59: مكافأة | N59: اخرى | O59: اجمالى الاستحقاق | P59: ساعات التاخير | Q59: قيمة ساعات التأخير | R59: سلف | S59: سلفة مرحله | T59: جزاء ادارى | U59: قيمة الجزاء الادارى | V59: جزاء البصمه | W59: قيمة جزاء البصمه | X59: غياب بدون اذن | Y59: جزاء غياب بدون اذن | Z59: المرضى | AA59: قيمة المرضى | AB59: الراتب التاميني | AC59: تأمينات وضرائب | AD59: الانحرافات | AE59: عجز منتجات& عهدة
A60: =+'مركز التجهيزات'!A18 -> 0 | B60: =+'مركز التجهيزات'!B18 -> 0 | C60: =+'مركز التجهيزات'!C18 -> 0 | D60: =+'مركز التجهيزات'!D18 -> 0 | E60: =+'مركز التجهيزات'!E18 -> 0 | F60: =+'مركز التجهيزات'!F18 -> 0 | G60: =+'مركز التجهيزات'!G18 -> 0 | H60: =+'مركز التجهيزات'!H18 -> 0 | ... AH60: =+'مركز التجهيزات'!AH18 -> 0
A62: الكود | B62: الاسم | C62: الفرع | D62: الوظيفة | E62: ساعات العمل | F62: الراتب | G62: الاستحقاق | P62: الاستقطاع | AF62: اجمالى الاستقطاع | AG62: صافى الراتب | AH62: ملاحظات
G63: ايام العمل | H63: قيمة ايام العمل | I63: الاضافى بالساعات | J63: قيمة الاضافى | K63: بدل اجازات | L63: قيمة بدل الاجازات | M63: مكافأة | N63: اخرى | O63: اجمالى الاستحقاق | P63: ساعات التاخير | Q63: قيمة ساعات التأخير | R63: سلف | S63: سلفة مرحله | T63: جزاء ادارى | U63: قيمة الجزاء الادارى | V63: جزاء البصمه | W63: قيمة جزاء البصمه | X63: غياب بدون اذن | Y63: جزاء غياب بدون اذن | Z63: المرضى | AA63: قيمة المرضى | AB63: الراتب التاميني | AC63: تأمينات وضرائب | AD63: الانحرافات | AE63: عجز منتجات& عهدة
A64: =+'مركز التجهيزات'!A19 -> 0 | B64: =+'مركز التجهيزات'!B19 -> 0 | C64: =+'مركز التجهيزات'!C19 -> 0 | D64: =+'مركز التجهيزات'!D19 -> 0 | E64: =+'مركز التجهيزات'!E19 -> 0 | F64: =+'مركز التجهيزات'!F19 -> 0 | G64: =+'مركز التجهيزات'!G19 -> 0 | H64: =+'مركز التجهيزات'!H19 -> 0 | ... AH64: =+'مركز التجهيزات'!AH19 -> 0
A66: الكود | B66: الاسم | C66: الفرع | D66: الوظيفة | E66: ساعات العمل | F66: الراتب | G66: الاستحقاق | P66: الاستقطاع | AF66: اجمالى الاستقطاع | AG66: صافى الراتب | AH66: ملاحظات
G67: ايام العمل | H67: قيمة ايام العمل | I67: الاضافى بالساعات | J67: قيمة الاضافى | K67: بدل اجازات | L67: قيمة بدل الاجازات | M67: مكافأة | N67: اخرى | O67: اجمالى الاستحقاق | P67: ساعات التاخير | Q67: قيمة ساعات التأخير | R67: سلف | S67: سلفة مرحله | T67: جزاء ادارى | U67: قيمة الجزاء الادارى | V67: جزاء البصمه | W67: قيمة جزاء البصمه | X67: غياب بدون اذن | Y67: جزاء غياب بدون اذن | Z67: المرضى | AA67: قيمة المرضى | AB67: الراتب التاميني | AC67: تأمينات وضرائب | AD67: الانحرافات | AE67: عجز منتجات& عهدة
A68: =+'مركز التجهيزات'!A20 -> 0 | B68: =+'مركز التجهيزات'!B20 -> 0 | C68: =+'مركز التجهيزات'!C20 -> 0 | D68: =+'مركز التجهيزات'!D20 -> 0 | E68: =+'مركز التجهيزات'!E20 -> 0 | F68: =+'مركز التجهيزات'!F20 -> 0 | G68: =+'مركز التجهيزات'!G20 -> 0 | H68: =+'مركز التجهيزات'!H20 -> 0 | ... AH68: =+'مركز التجهيزات'!AH20 -> 0
A70: الكود | B70: الاسم | C70: الفرع | D70: الوظيفة | E70: ساعات العمل | F70: الراتب | G70: الاستحقاق | P70: الاستقطاع | AF70: اجمالى الاستقطاع | AG70: صافى الراتب | AH70: ملاحظات
G71: ايام العمل | H71: قيمة ايام العمل | I71: الاضافى بالساعات | J71: قيمة الاضافى | K71: بدل اجازات | L71: قيمة بدل الاجازات | M71: مكافأة | N71: اخرى | O71: اجمالى الاستحقاق | P71: ساعات التاخير | Q71: قيمة ساعات التأخير | R71: سلف | S71: سلفة مرحله | T71: جزاء ادارى | U71: قيمة الجزاء الادارى | V71: جزاء البصمه | W71: قيمة جزاء البصمه | X71: غياب بدون اذن | Y71: جزاء غياب بدون اذن | Z71: المرضى | AA71: قيمة المرضى | AB71: الراتب التاميني | AC71: تأمينات وضرائب | AD71: الانحرافات | AE71: عجز منتجات& عهدة
A72: =+'مركز التجهيزات'!A21 -> 0 | B72: =+'مركز التجهيزات'!B21 -> 0 | C72: =+'مركز التجهيزات'!C21 -> 0 | D72: =+'مركز التجهيزات'!D21 -> 0 | E72: =+'مركز التجهيزات'!E21 -> 0 | F72: =+'مركز التجهيزات'!F21 -> 0 | G72: =+'مركز التجهيزات'!G21 -> 0 | H72: =+'مركز التجهيزات'!H21 -> 0 | ... AH72: =+'مركز التجهيزات'!AH21 -> 0
A74: الكود | B74: الاسم | C74: الفرع | D74: الوظيفة | E74: ساعات العمل | F74: الراتب | G74: الاستحقاق | P74: الاستقطاع | AF74: اجمالى الاستقطاع | AG74: صافى الراتب | AH74: ملاحظات
G75: ايام العمل | H75: قيمة ايام العمل | I75: الاضافى بالساعات | J75: قيمة الاضافى | K75: بدل اجازات | L75: قيمة بدل الاجازات | M75: مكافأة | N75: اخرى | O75: اجمالى الاستحقاق | P75: ساعات التاخير | Q75: قيمة ساعات التأخير | R75: سلف | S75: سلفة مرحله | T75: جزاء ادارى | U75: قيمة الجزاء الادارى | V75: جزاء البصمه | W75: قيمة جزاء البصمه | X75: غياب بدون اذن | Y75: جزاء غياب بدون اذن | Z75: المرضى | AA75: قيمة المرضى | AB75: الراتب التاميني | AC75: تأمينات وضرائب | AD75: الانحرافات | AE75: عجز منتجات& عهدة
A76: =+'مركز التجهيزات'!A22 -> 0 | B76: =+'مركز التجهيزات'!B22 -> 0 | C76: =+'مركز التجهيزات'!C22 -> 0 | D76: =+'مركز التجهيزات'!D22 -> 0 | E76: =+'مركز التجهيزات'!E22 -> 0 | F76: =+'مركز التجهيزات'!F22 -> 0 | G76: =+'مركز التجهيزات'!G22 -> 0 | H76: =+'مركز التجهيزات'!H22 -> 0 | ... AH76: =+'مركز التجهيزات'!AH22 -> 0
A78: الكود | B78: الاسم | C78: الفرع | D78: الوظيفة | E78: ساعات العمل | F78: الراتب | G78: الاستحقاق | P78: الاستقطاع | AF78: اجمالى الاستقطاع | AG78: صافى الراتب | AH78: ملاحظات
G79: ايام العمل | H79: قيمة ايام العمل | I79: الاضافى بالساعات | J79: قيمة الاضافى | K79: بدل اجازات | L79: قيمة بدل الاجازات | M79: مكافأة | N79: اخرى | O79: اجمالى الاستحقاق | P79: ساعات التاخير | Q79: قيمة ساعات التأخير | R79: سلف | S79: سلفة مرحله | T79: جزاء ادارى | U79: قيمة الجزاء الادارى | V79: جزاء البصمه | W79: قيمة جزاء البصمه | X79: غياب بدون اذن | Y79: جزاء غياب بدون اذن | Z79: المرضى | AA79: قيمة المرضى | AB79: الراتب التاميني | AC79: تأمينات وضرائب | AD79: الانحرافات | AE79: عجز منتجات& عهدة
A80: =+'مركز التجهيزات'!A23 -> 0 | B80: =+'مركز التجهيزات'!B23 -> 0 | C80: =+'مركز التجهيزات'!C23 -> 0 | D80: =+'مركز التجهيزات'!D23 -> 0 | E80: =+'مركز التجهيزات'!E23 -> 0 | F80: =+'مركز التجهيزات'!F23 -> 0 | G80: =+'مركز التجهيزات'!G23 -> 0 | H80: =+'مركز التجهيزات'!H23 -> 0 | ... AH80: =+'مركز التجهيزات'!AH23 -> 0
A82: الكود | B82: الاسم | C82: الفرع | D82: الوظيفة | E82: ساعات العمل | F82: الراتب | G82: الاستحقاق | P82: الاستقطاع | AF82: اجمالى الاستقطاع | AG82: صافى الراتب | AH82: ملاحظات
G83: ايام العمل | H83: قيمة ايام العمل | I83: الاضافى بالساعات | J83: قيمة الاضافى | K83: بدل اجازات | L83: قيمة بدل الاجازات | M83: مكافأة | N83: اخرى | O83: اجمالى الاستحقاق | P83: ساعات التاخير | Q83: قيمة ساعات التأخير | R83: سلف | S83: سلفة مرحله | T83: جزاء ادارى | U83: قيمة الجزاء الادارى | V83: جزاء البصمه | W83: قيمة جزاء البصمه | X83: غياب بدون اذن | Y83: جزاء غياب بدون اذن | Z83: المرضى | AA83: قيمة المرضى | AB83: الراتب التاميني | AC83: تأمينات وضرائب | AD83: الانحرافات | AE83: عجز منتجات& عهدة
A84: =+'مركز التجهيزات'!A24 -> 0 | B84: =+'مركز التجهيزات'!B24 -> 0 | C84: =+'مركز التجهيزات'!C24 -> 0 | D84: =+'مركز التجهيزات'!D24 -> 0 | E84: =+'مركز التجهيزات'!E24 -> 0 | F84: =+'مركز التجهيزات'!F24 -> 0 | G84: =+'مركز التجهيزات'!G24 -> 0 | H84: =+'مركز التجهيزات'!H24 -> 0 | ... AH84: =+'مركز التجهيزات'!AH24 -> 0
A86: الكود | B86: الاسم | C86: الفرع | D86: الوظيفة | E86: ساعات العمل | F86: الراتب | G86: الاستحقاق | P86: الاستقطاع | AF86: اجمالى الاستقطاع | AG86: صافى الراتب | AH86: ملاحظات
G87: ايام العمل | H87: قيمة ايام العمل | I87: الاضافى بالساعات | J87: قيمة الاضافى | K87: بدل اجازات | L87: قيمة بدل الاجازات | M87: مكافأة | N87: اخرى | O87: اجمالى الاستحقاق | P87: ساعات التاخير | Q87: قيمة ساعات التأخير | R87: سلف | S87: سلفة مرحله | T87: جزاء ادارى | U87: قيمة الجزاء الادارى | V87: جزاء البصمه | W87: قيمة جزاء البصمه | X87: غياب بدون اذن | Y87: جزاء غياب بدون اذن | Z87: المرضى | AA87: قيمة المرضى | AB87: الراتب التاميني | AC87: تأمينات وضرائب | AD87: الانحرافات | AE87: عجز منتجات& عهدة
A88: =+'مركز التجهيزات'!A25 -> 0 | B88: =+'مركز التجهيزات'!B25 -> 0 | C88: =+'مركز التجهيزات'!C25 -> 0 | D88: =+'مركز التجهيزات'!D25 -> 0 | E88: =+'مركز التجهيزات'!E25 -> 0 | F88: =+'مركز التجهيزات'!F25 -> 0 | G88: =+'مركز التجهيزات'!G25 -> 0 | H88: =+'مركز التجهيزات'!H25 -> 0 | ... AH88: =+'مركز التجهيزات'!AH25 -> 0
A90: الكود | B90: الاسم | C90: الفرع | D90: الوظيفة | E90: ساعات العمل | F90: الراتب | G90: الاستحقاق | P90: الاستقطاع | AF90: اجمالى الاستقطاع | AG90: صافى الراتب | AH90: ملاحظات
G91: ايام العمل | H91: قيمة ايام العمل | I91: الاضافى بالساعات | J91: قيمة الاضافى | K91: بدل اجازات | L91: قيمة بدل الاجازات | M91: مكافأة | N91: اخرى | O91: اجمالى الاستحقاق | P91: ساعات التاخير | Q91: قيمة ساعات التأخير | R91: سلف | S91: سلفة مرحله | T91: جزاء ادارى | U91: قيمة الجزاء الادارى | V91: جزاء البصمه | W91: قيمة جزاء البصمه | X91: غياب بدون اذن | Y91: جزاء غياب بدون اذن | Z91: المرضى | AA91: قيمة المرضى | AB91: الراتب التاميني | AC91: تأمينات وضرائب | AD91: الانحرافات | AE91: عجز منتجات& عهدة
A92: =+'مركز التجهيزات'!A26 -> 0 | B92: =+'مركز التجهيزات'!B26 -> 0 | C92: =+'مركز التجهيزات'!C26 -> 0 | D92: =+'مركز التجهيزات'!D26 -> 0 | E92: =+'مركز التجهيزات'!E26 -> 0 | F92: =+'مركز التجهيزات'!F26 -> 0 | G92: =+'مركز التجهيزات'!G26 -> 0 | H92: =+'مركز التجهيزات'!H26 -> 0 | ... AH92: =+'مركز التجهيزات'!AH26 -> 0
A94: الكود | B94: الاسم | C94: الفرع | D94: الوظيفة | E94: ساعات العمل | F94: الراتب | G94: الاستحقاق | P94: الاستقطاع | AF94: اجمالى الاستقطاع | AG94: صافى الراتب | AH94: ملاحظات
G95: ايام العمل | H95: قيمة ايام العمل | I95: الاضافى بالساعات | J95: قيمة الاضافى | K95: بدل اجازات | L95: قيمة بدل الاجازات | M95: مكافأة | N95: اخرى | O95: اجمالى الاستحقاق | P95: ساعات التاخير | Q95: قيمة ساعات التأخير | R95: سلف | S95: سلفة مرحله | T95: جزاء ادارى | U95: قيمة الجزاء الادارى | V95: جزاء البصمه | W95: قيمة جزاء البصمه | X95: غياب بدون اذن | Y95: جزاء غياب بدون اذن | Z95: المرضى | AA95: قيمة المرضى | AB95: الراتب التاميني | AC95: تأمينات وضرائب | AD95: الانحرافات | AE95: عجز منتجات& عهدة
A96: =+'مركز التجهيزات'!A27 -> 0 | B96: =+'مركز التجهيزات'!B27 -> 0 | C96: =+'مركز التجهيزات'!C27 -> 0 | D96: =+'مركز التجهيزات'!D27 -> 0 | E96: =+'مركز التجهيزات'!E27 -> 0 | F96: =+'مركز التجهيزات'!F27 -> 0 | G96: =+'مركز التجهيزات'!G27 -> 0 | H96: =+'مركز التجهيزات'!H27 -> 0 | ... AH96: =+'مركز التجهيزات'!AH27 -> 0
A98: الكود | B98: الاسم | C98: الفرع | D98: الوظيفة | E98: ساعات العمل | F98: الراتب | G98: الاستحقاق | P98: الاستقطاع | AF98: اجمالى الاستقطاع | AG98: صافى الراتب | AH98: ملاحظات
G99: ايام العمل | H99: قيمة ايام العمل | I99: الاضافى بالساعات | J99: قيمة الاضافى | K99: بدل اجازات | L99: قيمة بدل الاجازات | M99: مكافأة | N99: اخرى | O99: اجمالى الاستحقاق | P99: ساعات التاخير | Q99: قيمة ساعات التأخير | R99: سلف | S99: سلفة مرحله | T99: جزاء ادارى | U99: قيمة الجزاء الادارى | V99: جزاء البصمه | W99: قيمة جزاء البصمه | X99: غياب بدون اذن | Y99: جزاء غياب بدون اذن | Z99: المرضى | AA99: قيمة المرضى | AB99: الراتب التاميني | AC99: تأمينات وضرائب | AD99: الانحرافات | AE99: عجز منتجات& عهدة
A100: =+'مركز التجهيزات'!A28 -> 0 | B100: =+'مركز التجهيزات'!B28 -> 0 | C100: =+'مركز التجهيزات'!C28 -> 0 | D100: =+'مركز التجهيزات'!D28 -> 0 | E100: =+'مركز التجهيزات'!E28 -> 0 | F100: =+'مركز التجهيزات'!F28 -> 0 | G100: =+'مركز التجهيزات'!G28 -> 0 | H100: =+'مركز التجهيزات'!H28 -> 0 | ... AH100: =+'مركز التجهيزات'!AH28 -> 0
A102: الكود | B102: الاسم | C102: الفرع | D102: الوظيفة | E102: ساعات العمل | F102: الراتب | G102: الاستحقاق | P102: الاستقطاع | AF102: اجمالى الاستقطاع | AG102: صافى الراتب | AH102: ملاحظات
G103: ايام العمل | H103: قيمة ايام العمل | I103: الاضافى بالساعات | J103: قيمة الاضافى | K103: بدل اجازات | L103: قيمة بدل الاجازات | M103: مكافأة | N103: اخرى | O103: اجمالى الاستحقاق | P103: ساعات التاخير | Q103: قيمة ساعات التأخير | R103: سلف | S103: سلفة مرحله | T103: جزاء ادارى | U103: قيمة الجزاء الادارى | V103: جزاء البصمه | W103: قيمة جزاء البصمه | X103: غياب بدون اذن | Y103: جزاء غياب بدون اذن | Z103: المرضى | AA103: قيمة المرضى | AB103: الراتب التاميني | AC103: تأمينات وضرائب | AD103: الانحرافات | AE103: عجز منتجات& عهدة
A104: =+'مركز التجهيزات'!A29 -> 0 | B104: =+'مركز التجهيزات'!B29 -> 0 | C104: =+'مركز التجهيزات'!C29 -> 0 | D104: =+'مركز التجهيزات'!D29 -> 0 | E104: =+'مركز التجهيزات'!E29 -> 0 | F104: =+'مركز التجهيزات'!F29 -> 0 | G104: =+'مركز التجهيزات'!G29 -> 0 | H104: =+'مركز التجهيزات'!H29 -> 0 | ... AH104: =+'مركز التجهيزات'!AH29 -> 0
A106: الكود | B106: الاسم | C106: الفرع | D106: الوظيفة | E106: ساعات العمل | F106: الراتب | G106: الاستحقاق | P106: الاستقطاع | AF106: اجمالى الاستقطاع | AG106: صافى الراتب | AH106: ملاحظات
G107: ايام العمل | H107: قيمة ايام العمل | I107: الاضافى بالساعات | J107: قيمة الاضافى | K107: بدل اجازات | L107: قيمة بدل الاجازات | M107: مكافأة | N107: اخرى | O107: اجمالى الاستحقاق | P107: ساعات التاخير | Q107: قيمة ساعات التأخير | R107: سلف | S107: سلفة مرحله | T107: جزاء ادارى | U107: قيمة الجزاء الادارى | V107: جزاء البصمه | W107: قيمة جزاء البصمه | X107: غياب بدون اذن | Y107: جزاء غياب بدون اذن | Z107: المرضى | AA107: قيمة المرضى | AB107: الراتب التاميني | AC107: تأمينات وضرائب | AD107: الانحرافات | AE107: عجز منتجات& عهدة
A108: =+'مركز التجهيزات'!A30 -> 0 | B108: =+'مركز التجهيزات'!B30 -> 0 | C108: =+'مركز التجهيزات'!C30 -> 0 | D108: =+'مركز التجهيزات'!D30 -> 0 | E108: =+'مركز التجهيزات'!E30 -> 0 | F108: =+'مركز التجهيزات'!F30 -> 0 | G108: =+'مركز التجهيزات'!G30 -> 0 | H108: =+'مركز التجهيزات'!H30 -> 0 | ... AH108: =+'مركز التجهيزات'!AH30 -> 0
A110: الكود | B110: الاسم | C110: الفرع | D110: الوظيفة | E110: ساعات العمل | F110: الراتب | G110: الاستحقاق | P110: الاستقطاع | AF110: اجمالى الاستقطاع | AG110: صافى الراتب | AH110: ملاحظات
G111: ايام العمل | H111: قيمة ايام العمل | I111: الاضافى بالساعات | J111: قيمة الاضافى | K111: بدل اجازات | L111: قيمة بدل الاجازات | M111: مكافأة | N111: اخرى | O111: اجمالى الاستحقاق | P111: ساعات التاخير | Q111: قيمة ساعات التأخير | R111: سلف | S111: سلفة مرحله | T111: جزاء ادارى | U111: قيمة الجزاء الادارى | V111: جزاء البصمه | W111: قيمة جزاء البصمه | X111: غياب بدون اذن | Y111: جزاء غياب بدون اذن | Z111: المرضى | AA111: قيمة المرضى | AB111: الراتب التاميني | AC111: تأمينات وضرائب | AD111: الانحرافات | AE111: عجز منتجات& عهدة
A112: =+'مركز التجهيزات'!A31 -> 0 | B112: =+'مركز التجهيزات'!B31 -> 0 | C112: =+'مركز التجهيزات'!C31 -> 0 | D112: =+'مركز التجهيزات'!D31 -> 0 | E112: =+'مركز التجهيزات'!E31 -> 0 | F112: =+'مركز التجهيزات'!F31 -> 0 | G112: =+'مركز التجهيزات'!G31 -> 0 | H112: =+'مركز التجهيزات'!H31 -> 0 | ... AH112: =+'مركز التجهيزات'!AH31 -> 0
A114: الكود | B114: الاسم | C114: الفرع | D114: الوظيفة | E114: ساعات العمل | F114: الراتب | G114: الاستحقاق | P114: الاستقطاع | AF114: اجمالى الاستقطاع | AG114: صافى الراتب | AH114: ملاحظات
G115: ايام العمل | H115: قيمة ايام العمل | I115: الاضافى بالساعات | J115: قيمة الاضافى | K115: بدل اجازات | L115: قيمة بدل الاجازات | M115: مكافأة | N115: اخرى | O115: اجمالى الاستحقاق | P115: ساعات التاخير | Q115: قيمة ساعات التأخير | R115: سلف | S115: سلفة مرحله | T115: جزاء ادارى | U115: قيمة الجزاء الادارى | V115: جزاء البصمه | W115: قيمة جزاء البصمه | X115: غياب بدون اذن | Y115: جزاء غياب بدون اذن | Z115: المرضى | AA115: قيمة المرضى | AB115: الراتب التاميني | AC115: تأمينات وضرائب | AD115: الانحرافات | AE115: عجز منتجات& عهدة
A116: =+'مركز التجهيزات'!A32 -> 0 | B116: =+'مركز التجهيزات'!B32 -> 0 | C116: =+'مركز التجهيزات'!C32 -> 0 | D116: =+'مركز التجهيزات'!D32 -> 0 | E116: =+'مركز التجهيزات'!E32 -> 0 | F116: =+'مركز التجهيزات'!F32 -> 0 | G116: =+'مركز التجهيزات'!G32 -> 0 | H116: =+'مركز التجهيزات'!H32 -> 0 | ... AH116: =+'مركز التجهيزات'!AH32 -> 0
A118: الكود | B118: الاسم | C118: الفرع | D118: الوظيفة | E118: ساعات العمل | F118: الراتب | G118: الاستحقاق | P118: الاستقطاع | AF118: اجمالى الاستقطاع | AG118: صافى الراتب | AH118: ملاحظات
G119: ايام العمل | H119: قيمة ايام العمل | I119: الاضافى بالساعات | J119: قيمة الاضافى | K119: بدل اجازات | L119: قيمة بدل الاجازات | M119: مكافأة | N119: اخرى | O119: اجمالى الاستحقاق | P119: ساعات التاخير | Q119: قيمة ساعات التأخير | R119: سلف | S119: سلفة مرحله | T119: جزاء ادارى | U119: قيمة الجزاء الادارى | V119: جزاء البصمه | W119: قيمة جزاء البصمه | X119: غياب بدون اذن | Y119: جزاء غياب بدون اذن | Z119: المرضى | AA119: قيمة المرضى | AB119: الراتب التاميني | AC119: تأمينات وضرائب | AD119: الانحرافات | AE119: عجز منتجات& عهدة
A120: =+'مركز التجهيزات'!A33 -> 0 | B120: =+'مركز التجهيزات'!B33 -> 0 | C120: =+'مركز التجهيزات'!C33 -> 0 | D120: =+'مركز التجهيزات'!D33 -> 0 | E120: =+'مركز التجهيزات'!E33 -> 0 | F120: =+'مركز التجهيزات'!F33 -> 0 | G120: =+'مركز التجهيزات'!G33 -> 0 | H120: =+'مركز التجهيزات'!H33 -> 0 | ... AH120: =+'مركز التجهيزات'!AH33 -> 0
A122: الكود | B122: الاسم | C122: الفرع | D122: الوظيفة | E122: ساعات العمل | F122: الراتب | G122: الاستحقاق | P122: الاستقطاع | AF122: اجمالى الاستقطاع | AG122: صافى الراتب | AH122: ملاحظات
G123: ايام العمل | H123: قيمة ايام العمل | I123: الاضافى بالساعات | J123: قيمة الاضافى | K123: بدل اجازات | L123: قيمة بدل الاجازات | M123: مكافأة | N123: اخرى | O123: اجمالى الاستحقاق | P123: ساعات التاخير | Q123: قيمة ساعات التأخير | R123: سلف | S123: سلفة مرحله | T123: جزاء ادارى | U123: قيمة الجزاء الادارى | V123: جزاء البصمه | W123: قيمة جزاء البصمه | X123: غياب بدون اذن | Y123: جزاء غياب بدون اذن | Z123: المرضى | AA123: قيمة المرضى | AB123: الراتب التاميني | AC123: تأمينات وضرائب | AD123: الانحرافات | AE123: عجز منتجات& عهدة
A124: =+'مركز التجهيزات'!A34 -> 0 | B124: =+'مركز التجهيزات'!B34 -> 0 | C124: =+'مركز التجهيزات'!C34 -> 0 | D124: =+'مركز التجهيزات'!D34 -> 0 | E124: =+'مركز التجهيزات'!E34 -> 0 | F124: =+'مركز التجهيزات'!F34 -> 0 | G124: =+'مركز التجهيزات'!G34 -> 0 | H124: =+'مركز التجهيزات'!H34 -> 0 | ... AH124: =+'مركز التجهيزات'!AH34 -> 0
A126: الكود | B126: الاسم | C126: الفرع | D126: الوظيفة | E126: ساعات العمل | F126: الراتب | G126: الاستحقاق | P126: الاستقطاع | AF126: اجمالى الاستقطاع | AG126: صافى الراتب | AH126: ملاحظات
G127: ايام العمل | H127: قيمة ايام العمل | I127: الاضافى بالساعات | J127: قيمة الاضافى | K127: بدل اجازات | L127: قيمة بدل الاجازات | M127: مكافأة | N127: اخرى | O127: اجمالى الاستحقاق | P127: ساعات التاخير | Q127: قيمة ساعات التأخير | R127: سلف | S127: سلفة مرحله | T127: جزاء ادارى | U127: قيمة الجزاء الادارى | V127: جزاء البصمه | W127: قيمة جزاء البصمه | X127: غياب بدون اذن | Y127: جزاء غياب بدون اذن | Z127: المرضى | AA127: قيمة المرضى | AB127: الراتب التاميني | AC127: تأمينات وضرائب | AD127: الانحرافات | AE127: عجز منتجات& عهدة
A128: =+'مركز التجهيزات'!A35 -> 0 | B128: =+'مركز التجهيزات'!B35 -> 0 | C128: =+'مركز التجهيزات'!C35 -> 0 | D128: =+'مركز التجهيزات'!D35 -> 0 | E128: =+'مركز التجهيزات'!E35 -> 0 | F128: =+'مركز التجهيزات'!F35 -> 0 | G128: =+'مركز التجهيزات'!G35 -> 0 | H128: =+'مركز التجهيزات'!H35 -> 0 | ... AH128: =+'مركز التجهيزات'!AH35 -> 0
A130: الكود | B130: الاسم | C130: الفرع | D130: الوظيفة | E130: ساعات العمل | F130: الراتب | G130: الاستحقاق | P130: الاستقطاع | AF130: اجمالى الاستقطاع | AG130: صافى الراتب | AH130: ملاحظات
G131: ايام العمل | H131: قيمة ايام العمل | I131: الاضافى بالساعات | J131: قيمة الاضافى | K131: بدل اجازات | L131: قيمة بدل الاجازات | M131: مكافأة | N131: اخرى | O131: اجمالى الاستحقاق | P131: ساعات التاخير | Q131: قيمة ساعات التأخير | R131: سلف | S131: سلفة مرحله | T131: جزاء ادارى | U131: قيمة الجزاء الادارى | V131: جزاء البصمه | W131: قيمة جزاء البصمه | X131: غياب بدون اذن | Y131: جزاء غياب بدون اذن | Z131: المرضى | AA131: قيمة المرضى | AB131: الراتب التاميني | AC131: تأمينات وضرائب | AD131: الانحرافات | AE131: عجز منتجات& عهدة
A132: =+'مركز التجهيزات'!A36 -> 0 | B132: =+'مركز التجهيزات'!B36 -> 0 | C132: =+'مركز التجهيزات'!C36 -> 0 | D132: =+'مركز التجهيزات'!D36 -> 0 | E132: =+'مركز التجهيزات'!E36 -> 0 | F132: =+'مركز التجهيزات'!F36 -> 0 | G132: =+'مركز التجهيزات'!G36 -> 0 | H132: =+'مركز التجهيزات'!H36 -> 0 | ... AH132: =+'مركز التجهيزات'!AH36 -> 0
A134: الكود | B134: الاسم | C134: الفرع | D134: الوظيفة | E134: ساعات العمل | F134: الراتب | G134: الاستحقاق | P134: الاستقطاع | AF134: اجمالى الاستقطاع | AG134: صافى الراتب | AH134: ملاحظات
...

Sheet مركز الاتصالات
A1: مرتبات الاردنيه عن شهر 1-2025
A2: الكود | B2: الاسم | C2: الفرع | D2: الوظيفة | E2: ساعات العمل | F2: الراتب | G2: الاستحقاق | P2: الاستقطاع | AF2: اجمالى الاستقطاع | AG2: صافى الراتب | AH2: ملاحظات
G3: ايام العمل | H3: قيمة ايام العمل | I3: الاضافى بالساعات | J3: قيمة الاضافى | K3: بدل اجازات | L3: قيمة بدل الاجازات | M3: مكافأة | N3: اخرى | O3: اجمالى الاستحقاق | P3: ساعات التاخير | Q3: قيمة ساعات التأخير | R3: سلف | S3: سلفة مرحله | T3: جزاء ادارى | U3: قيمة الجزاء الادارى | V3: جزاء البصمه | W3: قيمة جزاء البصمه | X3: غياب بدون اذن | Y3: جزاء غياب بدون اذن | Z3: المرضى | AA3: قيمة المرضى | AB3: الراتب التاميني | AC3: تأمينات وضرائب | AD3: الانحرافات | AE3: عجز منتجات& عهدة

Sheet شرايط قبض مركز الاتصالات
A2: الكود | B2: الاسم | C2: الفرع | D2: الوظيفة | E2: ساعات العمل | F2: الراتب | P2: الاستقطاع | AF2: اجمالى الاستقطاع | AG2: صافى الراتب | AH2: ملاحظات
